timestamp_seconds,user_name,process_name,process_id,operation,path,bytes,byte_entropy
1.791,student,firefox,1003,open,/home/student/Downloads/file3.pdf,0,0.0
2.066,student,code,1001,write,/home/student/Projects/app/file11.txt,157860,4.52
4.545,student,thunderbird,1004,read,/home/student/Mail/file3.eml,49379,5.08
5.95,student,libreoffice,1002,read,/home/student/Documents/file5.ods,185518,4.54
7.462,student,code,1001,open,/home/student/Projects/app/file2.txt,0,0.0
12.059,student,code,1001,read,/home/student/Projects/app/file2.txt,29120,4.24
16.018,student,libreoffice,1002,close,/home/student/Documents/file7.odt,0,0.0
26.812,student,firefox,1003,open,/home/student/Downloads/file2.html,0,0.0
34.722,student,thunderbird,1004,open,/home/student/Mail/file4.eml,0,0.0
37.801,student,thunderbird,1004,open,/home/student/Mail/file6.eml,0,0.0
38.432,student,firefox,1003,read,/home/student/Downloads/file2.html,184903,5.14
39.11,student,code,1001,open,/home/student/Projects/app/file0.md,0,0.0
40.958,student,firefox,1003,open,/home/student/Downloads/file3.pdf,0,0.0
40.96,student,libreoffice,1002,read,/home/student/Documents/file6.ods,100882,4.57
45.389,student,thunderbird,1004,open,/home/student/Mail/file5.eml,0,0.0
46.78,student,thunderbird,1004,write,/home/student/Mail/file4.eml,113439,4.38
52.65,student,libreoffice,1002,read,/home/student/Documents/file4.odt,124904,4.98
58.31,student,thunderbird,1004,read,/home/student/Mail/file5.eml,106423,4.42
58.515,student,firefox,1003,read,/home/student/Downloads/file7.pdf,19321,5.88
60.564,student,libreoffice,1002,open,/home/student/Documents/file9.ods,0,0.0
60.889,student,code,1001,read,/home/student/Projects/app/file3.txt,168245,4.21
63.047,student,libreoffice,1002,read,/home/student/Documents/file4.ods,162518,4.97
65.594,student,firefox,1003,open,/home/student/Downloads/file0.pdf,0,0.0
66.569,student,libreoffice,1002,write,/home/student/Documents/file2.odt,117741,4.68
70.756,student,firefox,1003,write,/home/student/Downloads/file1.pdf,92068,5.86
75.387,student,firefox,1003,open,/home/student/Downloads/file8.html,0,0.0
76.016,student,thunderbird,1004,open,/home/student/Mail/file8.eml,0,0.0
77.442,student,libreoffice,1002,read,/home/student/Documents/file7.odt,66054,3.71
79.933,student,code,1001,open,/home/student/Projects/app/file5.md,0,0.0
82.437,student,thunderbird,1004,read,/home/student/Mail/file5.eml,137811,4.46
83.479,student,code,1001,read,/home/student/Projects/app/file10.txt,54781,4.43
84.306,student,firefox,1003,open,/home/student/Downloads/file4.html,0,0.0
90.535,student,code,1001,write,/home/student/Projects/app/file0.py,73333,4.99
91.32,student,code,1001,write,/home/student/Projects/app/file1.py,171851,4.15
93.986,student,thunderbird,1004,read,/home/student/Mail/file5.eml,8189,5.0
94.123,student,libreoffice,1002,read,/home/student/Documents/file1.odt,53419,4.84
98.104,student,firefox,1003,open,/home/student/Downloads/file3.pdf,0,0.0
99.86,student,thunderbird,1004,open,/home/student/Mail/file9.eml,0,0.0
101.46,student,thunderbird,1004,open,/home/student/Mail/file11.eml,0,0.0
107.49,student,code,1001,open,/home/student/Projects/app/file9.md,0,0.0
107.658,student,thunderbird,1004,open,/home/student/Mail/file5.eml,0,0.0
108.704,student,libreoffice,1002,read,/home/student/Documents/file7.odt,161034,4.52
110.742,student,thunderbird,1004,read,/home/student/Mail/file9.eml,152196,5.04
111.521,student,firefox,1003,read,/home/student/Downloads/file2.html,194470,5.0
114.079,student,thunderbird,1004,read,/home/student/Mail/file10.eml,197674,4.28
116.717,student,thunderbird,1004,write,/home/student/Mail/file11.eml,41091,5.21
117.831,student,libreoffice,1002,open,/home/student/Documents/file0.ods,0,0.0
117.957,student,firefox,1003,write,/home/student/Downloads/file4.pdf,46299,5.39
121.538,student,libreoffice,1002,open,/home/student/Documents/file1.odt,0,0.0
124.13,student,libreoffice,1002,close,/home/student/Documents/file4.odt,0,0.0
126.604,student,firefox,1003,read,/home/student/Downloads/file5.pdf,137594,6.25
126.761,student,code,1001,write,/home/student/Projects/app/file10.py,88165,4.35
128.518,student,firefox,1003,write,/home/student/Downloads/file8.pdf,197163,5.74
130.321,student,code,1001,open,/home/student/Projects/app/file7.py,0,0.0
137.221,student,libreoffice,1002,write,/home/student/Documents/file11.odt,182605,4.76
139.312,student,firefox,1003,write,/home/student/Downloads/file1.pdf,148974,4.88
139.806,student,thunderbird,1004,write,/home/student/Mail/file2.eml,196249,4.66
141.868,student,firefox,1003,read,/home/student/Downloads/file6.pdf,86458,5.63
144.102,student,thunderbird,1004,read,/home/student/Mail/file4.eml,110585,4.64
148.691,student,libreoffice,1002,read,/home/student/Documents/file4.odt,135540,5.16
153.633,student,code,1001,read,/home/student/Projects/app/file11.py,54380,3.59
161.394,student,code,1001,open,/home/student/Projects/app/file0.txt,0,0.0
162.727,student,firefox,1003,write,/home/student/Downloads/file9.html,47058,4.91
162.92,student,thunderbird,1004,write,/home/student/Mail/file0.eml,191806,4.99
164.304,student,thunderbird,1004,open,/home/student/Mail/file0.eml,0,0.0
164.6,student,thunderbird,1004,close,/home/student/Mail/file6.eml,0,0.0
164.67,student,libreoffice,1002,open,/home/student/Documents/file1.odt,0,0.0
165.716,student,firefox,1003,open,/home/student/Downloads/file5.pdf,0,0.0
175.28,student,thunderbird,1004,read,/home/student/Mail/file8.eml,179794,4.18
181.576,student,code,1001,read,/home/student/Projects/app/file6.md,58994,4.34
185.711,student,libreoffice,1002,open,/home/student/Documents/file5.odt,0,0.0
188.881,student,firefox,1003,read,/home/student/Downloads/file4.pdf,93291,5.16
189.949,student,libreoffice,1002,open,/home/student/Documents/file8.odt,0,0.0
190.476,student,thunderbird,1004,read,/home/student/Mail/file11.eml,3696,5.14
190.721,student,thunderbird,1004,close,/home/student/Mail/file9.eml,0,0.0
194.636,student,thunderbird,1004,read,/home/student/Mail/file0.eml,105114,3.94
195.251,student,firefox,1003,close,/home/student/Downloads/file4.html,0,0.0
195.257,student,firefox,1003,write,/home/student/Downloads/file9.pdf,1079,4.39
195.679,student,firefox,1003,open,/home/student/Downloads/file8.html,0,0.0
197.559,student,firefox,1003,read,/home/student/Downloads/file11.html,188124,5.03
199.656,student,code,1001,close,/home/student/Projects/app/file11.py,0,0.0
200.132,student,thunderbird,1004,open,/home/student/Mail/file11.eml,0,0.0
203.695,student,code,1001,open,/home/student/Projects/app/file0.md,0,0.0
205.514,student,firefox,1003,read,/home/student/Downloads/file3.pdf,156808,5.33
205.636,student,libreoffice,1002,read,/home/student/Documents/file5.ods,49216,4.92
211.566,student,code,1001,read,/home/student/Projects/app/file1.txt,14685,4.21
213.606,student,libreoffice,1002,read,/home/student/Documents/file4.odt,118523,4.26
217.95,student,thunderbird,1004,read,/home/student/Mail/file3.eml,38347,4.74
218.681,student,firefox,1003,read,/home/student/Downloads/file10.pdf,36810,5.17
220.551,student,thunderbird,1004,read,/home/student/Mail/file3.eml,81719,4.09
227.965,student,firefox,1003,open,/home/student/Downloads/file3.pdf,0,0.0
229.429,student,libreoffice,1002,close,/home/student/Documents/file9.odt,0,0.0
229.931,student,firefox,1003,read,/home/student/Downloads/file4.pdf,190907,5.61
231.781,student,thunderbird,1004,write,/home/student/Mail/file6.eml,143669,3.74
232.25,student,firefox,1003,open,/home/student/Downloads/file4.html,0,0.0
232.535,student,libreoffice,1002,close,/home/student/Documents/file9.ods,0,0.0
234.679,student,thunderbird,1004,close,/home/student/Mail/file1.eml,0,0.0
236.367,student,firefox,1003,read,/home/student/Downloads/file1.html,86278,4.68
236.491,student,thunderbird,1004,read,/home/student/Mail/file9.eml,61309,4.49
237.596,student,firefox,1003,read,/home/student/Downloads/file0.pdf,84974,5.58
239.966,student,libreoffice,1002,read,/home/student/Documents/file9.odt,81328,4.75
242.097,student,libreoffice,1002,read,/home/student/Documents/file5.odt,138360,5.01
244.465,student,libreoffice,1002,open,/home/student/Documents/file1.ods,0,0.0
246.695,student,code,1001,close,/home/student/Projects/app/file10.txt,0,0.0
248.226,student,firefox,1003,write,/home/student/Downloads/file0.html,138907,5.08
249.529,student,code,1001,open,/home/student/Projects/app/file0.md,0,0.0
251.073,student,thunderbird,1004,open,/home/student/Mail/file3.eml,0,0.0
258.405,student,code,1001,read,/home/student/Projects/app/file10.py,123665,4.84
263.038,student,thunderbird,1004,open,/home/student/Mail/file9.eml,0,0.0
268.48,student,thunderbird,1004,open,/home/student/Mail/file6.eml,0,0.0
268.602,student,firefox,1003,read,/home/student/Downloads/file8.html,20873,4.52
273.456,student,firefox,1003,write,/home/student/Downloads/file1.pdf,2923,5.27
277.378,student,libreoffice,1002,write,/home/student/Documents/file4.odt,33914,3.96
286.763,student,libreoffice,1002,open,/home/student/Documents/file6.ods,0,0.0
291.268,student,thunderbird,1004,read,/home/student/Mail/file4.eml,174336,4.41
295.622,student,thunderbird,1004,read,/home/student/Mail/file11.eml,186943,4.16
307.645,student,thunderbird,1004,close,/home/student/Mail/file1.eml,0,0.0
310.112,student,libreoffice,1002,read,/home/student/Documents/file3.ods,41025,5.53
310.54,student,firefox,1003,open,/home/student/Downloads/file1.html,0,0.0
316.382,student,thunderbird,1004,open,/home/student/Mail/file11.eml,0,0.0
323.236,student,thunderbird,1004,open,/home/student/Mail/file7.eml,0,0.0
328.483,student,libreoffice,1002,open,/home/student/Documents/file8.ods,0,0.0
330.008,student,libreoffice,1002,open,/home/student/Documents/file4.ods,0,0.0
336.012,student,thunderbird,1004,close,/home/student/Mail/file11.eml,0,0.0
336.133,student,thunderbird,1004,read,/home/student/Mail/file7.eml,63129,5.07
337.767,student,code,1001,read,/home/student/Projects/app/file1.md,67544,4.12
342.216,student,code,1001,read,/home/student/Projects/app/file5.txt,146249,4.04
345.671,student,libreoffice,1002,open,/home/student/Documents/file4.ods,0,0.0
346.297,student,firefox,1003,read,/home/student/Downloads/file4.pdf,18271,5.34
347.79,student,libreoffice,1002,write,/home/student/Documents/file8.ods,65812,5.04
352.287,student,thunderbird,1004,write,/home/student/Mail/file6.eml,128992,4.81
354.668,student,firefox,1003,open,/home/student/Downloads/file0.pdf,0,0.0
359.821,student,thunderbird,1004,open,/home/student/Mail/file5.eml,0,0.0
360.314,student,code,1001,write,/home/student/Projects/app/file11.txt,184830,4.45
364.864,student,code,1001,read,/home/student/Projects/app/file7.py,141209,4.31
367.951,student,thunderbird,1004,write,/home/student/Mail/file11.eml,131727,4.97
372.135,student,code,1001,read,/home/student/Projects/app/file10.txt,79561,4.4
372.234,student,firefox,1003,write,/home/student/Downloads/file6.pdf,141595,5.25
375.08,student,libreoffice,1002,write,/home/student/Documents/file2.ods,122244,5.53
376.898,student,code,1001,close,/home/student/Projects/app/file8.txt,0,0.0
379.283,student,code,1001,open,/home/student/Projects/app/file2.py,0,0.0
380.646,student,firefox,1003,write,/home/student/Downloads/file2.pdf,70220,5.5
381.038,student,firefox,1003,close,/home/student/Downloads/file5.pdf,0,0.0
385.101,student,thunderbird,1004,read,/home/student/Mail/file0.eml,9774,3.67
391.769,student,code,1001,read,/home/student/Projects/app/file0.py,26672,4.12
391.835,student,firefox,1003,read,/home/student/Downloads/file11.pdf,84815,5.11
400.327,student,firefox,1003,read,/home/student/Downloads/file4.pdf,122777,5.09
403.672,student,thunderbird,1004,open,/home/student/Mail/file10.eml,0,0.0
404.253,student,firefox,1003,write,/home/student/Downloads/file8.pdf,147169,4.23
405.406,student,thunderbird,1004,read,/home/student/Mail/file5.eml,29239,4.85
406.362,student,firefox,1003,open,/home/student/Downloads/file11.pdf,0,0.0
407.413,student,libreoffice,1002,open,/home/student/Documents/file2.odt,0,0.0
411.657,student,libreoffice,1002,open,/home/student/Documents/file5.ods,0,0.0
414.702,student,code,1001,read,/home/student/Projects/app/file7.md,110770,3.46
417.464,student,code,1001,open,/home/student/Projects/app/file9.py,0,0.0
418.272,student,libreoffice,1002,open,/home/student/Documents/file7.odt,0,0.0
423.082,student,thunderbird,1004,read,/home/student/Mail/file0.eml,18443,5.1
434.168,student,code,1001,write,/home/student/Projects/app/file11.py,3697,3.95
434.553,student,firefox,1003,read,/home/student/Downloads/file7.pdf,94630,4.35
435.675,student,code,1001,read,/home/student/Projects/app/file6.txt,67455,3.83
438.912,student,thunderbird,1004,open,/home/student/Mail/file1.eml,0,0.0
443.226,student,thunderbird,1004,read,/home/student/Mail/file7.eml,36768,4.48
445.684,student,thunderbird,1004,read,/home/student/Mail/file8.eml,93498,4.62
446.425,student,code,1001,read,/home/student/Projects/app/file5.md,82946,4.27
449.988,student,libreoffice,1002,open,/home/student/Documents/file1.odt,0,0.0
450.679,student,code,1001,open,/home/student/Projects/app/file1.txt,0,0.0
454.897,student,libreoffice,1002,open,/home/student/Documents/file2.odt,0,0.0
458.101,student,firefox,1003,read,/home/student/Downloads/file11.pdf,172303,5.08
460.186,student,code,1001,write,/home/student/Projects/app/file2.py,113259,4.02
462.448,student,libreoffice,1002,close,/home/student/Documents/file2.ods,0,0.0
463.906,student,firefox,1003,read,/home/student/Downloads/file6.html,31839,4.93
464.763,student,code,1001,read,/home/student/Projects/app/file8.txt,105088,3.82
477.9,student,firefox,1003,read,/home/student/Downloads/file3.pdf,39203,5.8
479.079,student,libreoffice,1002,write,/home/student/Documents/file8.odt,12325,5.33
479.086,student,code,1001,write,/home/student/Projects/app/file1.py,154494,4.02
479.348,student,firefox,1003,read,/home/student/Downloads/file5.pdf,33942,5.22
483.734,student,thunderbird,1004,open,/home/student/Mail/file8.eml,0,0.0
484.938,student,libreoffice,1002,write,/home/student/Documents/file4.ods,143564,5.38
486.605,student,firefox,1003,write,/home/student/Downloads/file5.html,89937,5.33
489.73,student,libreoffice,1002,write,/home/student/Documents/file3.ods,3226,4.35
490.005,student,code,1001,open,/home/student/Projects/app/file7.txt,0,0.0
495.961,student,code,1001,close,/home/student/Projects/app/file5.py,0,0.0
498.794,student,libreoffice,1002,close,/home/student/Documents/file10.ods,0,0.0
501.887,student,libreoffice,1002,read,/home/student/Documents/file10.odt,97850,4.82
509.63,student,libreoffice,1002,read,/home/student/Documents/file9.odt,52880,5.05
510.984,student,firefox,1003,read,/home/student/Downloads/file0.html,73213,4.96
511.228,student,code,1001,read,/home/student/Projects/app/file6.txt,133824,3.95
515.474,student,code,1001,write,/home/student/Projects/app/file1.py,152083,4.31
520.164,student,firefox,1003,read,/home/student/Downloads/file4.html,102020,5.57
521.446,student,firefox,1003,open,/home/student/Downloads/file8.html,0,0.0
525.994,student,firefox,1003,read,/home/student/Downloads/file6.html,16871,5.7
529.57,student,firefox,1003,open,/home/student/Downloads/file1.pdf,0,0.0
533.171,student,code,1001,open,/home/student/Projects/app/file7.py,0,0.0
537.25,student,code,1001,read,/home/student/Projects/app/file11.txt,188520,3.97
542.782,student,firefox,1003,open,/home/student/Downloads/file10.html,0,0.0
543.896,student,libreoffice,1002,open,/home/student/Documents/file7.ods,0,0.0
545.126,student,libreoffice,1002,read,/home/student/Documents/file2.ods,121053,4.82
545.668,student,code,1001,write,/home/student/Projects/app/file6.md,64189,4.8
549.249,student,firefox,1003,open,/home/student/Downloads/file10.html,0,0.0
551.604,student,libreoffice,1002,open,/home/student/Documents/file11.odt,0,0.0
551.627,student,libreoffice,1002,read,/home/student/Documents/file11.ods,28562,4.39
552.225,student,code,1001,read,/home/student/Projects/app/file8.txt,51496,4.4
555.241,student,firefox,1003,read,/home/student/Downloads/file10.pdf,130635,5.0
556.659,student,libreoffice,1002,close,/home/student/Documents/file6.ods,0,0.0
558.849,student,code,1001,read,/home/student/Projects/app/file10.md,77323,4.05
559.568,student,firefox,1003,read,/home/student/Downloads/file7.pdf,90847,5.17
561.833,student,thunderbird,1004,write,/home/student/Mail/file10.eml,192779,4.33
573.154,student,firefox,1003,open,/home/student/Downloads/file1.pdf,0,0.0
573.384,student,thunderbird,1004,open,/home/student/Mail/file7.eml,0,0.0
574.948,student,code,1001,open,/home/student/Projects/app/file4.py,0,0.0
575.772,student,thunderbird,1004,read,/home/student/Mail/file6.eml,96848,4.76
585.343,student,libreoffice,1002,read,/home/student/Documents/file8.ods,8588,4.75
585.551,student,code,1001,read,/home/student/Projects/app/file1.md,126994,4.37
590.309,student,thunderbird,1004,read,/home/student/Mail/file4.eml,78655,5.04
591.012,student,code,1001,write,/home/student/Projects/app/file8.txt,30894,3.82
594.454,student,libreoffice,1002,read,/home/student/Documents/file10.odt,19584,4.81
597.463,student,libreoffice,1002,read,/home/student/Documents/file7.ods,192835,3.81
601.65,student,libreoffice,1002,close,/home/student/Documents/file7.odt,0,0.0
608.198,student,code,1001,write,/home/student/Projects/app/file9.md,189629,4.4
608.905,student,firefox,1003,open,/home/student/Downloads/file3.pdf,0,0.0
619.611,student,thunderbird,1004,read,/home/student/Mail/file11.eml,180045,4.81
623.843,student,thunderbird,1004,open,/home/student/Mail/file9.eml,0,0.0
634.865,student,thunderbird,1004,open,/home/student/Mail/file3.eml,0,0.0
635.995,student,libreoffice,1002,close,/home/student/Documents/file3.ods,0,0.0
636.334,student,firefox,1003,open,/home/student/Downloads/file6.pdf,0,0.0
640.467,student,thunderbird,1004,write,/home/student/Mail/file7.eml,182007,3.93
642.601,student,code,1001,open,/home/student/Projects/app/file5.txt,0,0.0
647.845,student,thunderbird,1004,read,/home/student/Mail/file9.eml,199002,5.23
649.293,student,firefox,1003,open,/home/student/Downloads/file11.html,0,0.0
651.108,student,thunderbird,1004,read,/home/student/Mail/file2.eml,197923,4.72
653.487,student,code,1001,close,/home/student/Projects/app/file7.md,0,0.0
655.08,student,thunderbird,1004,open,/home/student/Mail/file1.eml,0,0.0
659.083,student,thunderbird,1004,write,/home/student/Mail/file0.eml,112322,4.2
659.142,student,firefox,1003,close,/home/student/Downloads/file6.pdf,0,0.0
666.244,student,libreoffice,1002,read,/home/student/Documents/file0.odt,133598,3.68
667.335,student,thunderbird,1004,read,/home/student/Mail/file2.eml,27247,5.09
671.049,student,libreoffice,1002,open,/home/student/Documents/file1.odt,0,0.0
672.56,student,thunderbird,1004,open,/home/student/Mail/file7.eml,0,0.0
674.899,student,thunderbird,1004,read,/home/student/Mail/file4.eml,93304,5.3
676.115,student,libreoffice,1002,read,/home/student/Documents/file11.odt,90663,4.36
678.435,student,thunderbird,1004,write,/home/student/Mail/file11.eml,46580,4.69
685.326,student,code,1001,read,/home/student/Projects/app/file3.md,122128,4.96
687.545,student,libreoffice,1002,close,/home/student/Documents/file7.ods,0,0.0
695.25,student,thunderbird,1004,close,/home/student/Mail/file9.eml,0,0.0
695.791,student,firefox,1003,read,/home/student/Downloads/file3.html,110828,5.27
698.71,student,thunderbird,1004,read,/home/student/Mail/file3.eml,142797,4.43
700.618,student,code,1001,read,/home/student/Projects/app/file6.txt,172873,4.19
702.42,student,thunderbird,1004,write,/home/student/Mail/file6.eml,63716,4.14
702.976,student,code,1001,open,/home/student/Projects/app/file1.txt,0,0.0
704.23,student,libreoffice,1002,read,/home/student/Documents/file2.odt,97234,4.98
709.092,student,firefox,1003,open,/home/student/Downloads/file4.html,0,0.0
712.418,student,libreoffice,1002,close,/home/student/Documents/file10.odt,0,0.0
719.56,student,firefox,1003,write,/home/student/Downloads/file8.html,142300,5.24
722.0,student,firefox,1003,read,/home/student/Downloads/file10.pdf,32638,4.85
722.25,student,thunderbird,1004,read,/home/student/Mail/file4.eml,62362,4.11
722.549,student,thunderbird,1004,read,/home/student/Mail/file0.eml,50460,5.16
726.075,student,firefox,1003,close,/home/student/Downloads/file3.html,0,0.0
737.901,student,firefox,1003,read,/home/student/Downloads/file9.pdf,62876,4.99
738.184,student,thunderbird,1004,open,/home/student/Mail/file4.eml,0,0.0
750.403,student,libreoffice,1002,close,/home/student/Documents/file2.odt,0,0.0
753.35,student,libreoffice,1002,read,/home/student/Documents/file11.ods,183150,5.14
760.331,student,code,1001,read,/home/student/Projects/app/file5.py,155374,3.94
769.261,student,firefox,1003,write,/home/student/Downloads/file0.html,56737,5.32
773.543,student,thunderbird,1004,read,/home/student/Mail/file8.eml,133519,4.47
776.535,student,thunderbird,1004,read,/home/student/Mail/file0.eml,172284,3.76
777.806,student,thunderbird,1004,read,/home/student/Mail/file11.eml,153105,4.54
778.481,student,code,1001,write,/home/student/Projects/app/file3.py,35456,4.02
778.492,student,code,1001,read,/home/student/Projects/app/file1.md,33125,3.98
783.209,student,firefox,1003,read,/home/student/Downloads/file1.html,80803,4.65
784.85,student,thunderbird,1004,read,/home/student/Mail/file8.eml,40420,4.32
785.025,student,code,1001,write,/home/student/Projects/app/file8.md,121276,5.33
785.65,student,libreoffice,1002,read,/home/student/Documents/file6.odt,162315,4.9
785.958,student,firefox,1003,open,/home/student/Downloads/file4.pdf,0,0.0
791.25,student,libreoffice,1002,write,/home/student/Documents/file7.ods,6456,4.99
801.242,student,code,1001,read,/home/student/Projects/app/file0.md,53138,4.31
806.717,student,firefox,1003,open,/home/student/Downloads/file2.pdf,0,0.0
807.237,student,thunderbird,1004,open,/home/student/Mail/file1.eml,0,0.0
813.066,student,code,1001,read,/home/student/Projects/app/file5.py,24261,3.14
813.688,student,code,1001,read,/home/student/Projects/app/file3.py,135659,4.18
815.321,student,thunderbird,1004,read,/home/student/Mail/file6.eml,81551,4.41
820.839,student,thunderbird,1004,write,/home/student/Mail/file10.eml,72420,4.71
823.436,student,code,1001,read,/home/student/Projects/app/file9.py,48400,4.21
826.31,student,thunderbird,1004,close,/home/student/Mail/file3.eml,0,0.0
834.66,student,thunderbird,1004,close,/home/student/Mail/file9.eml,0,0.0
835.704,student,libreoffice,1002,read,/home/student/Documents/file8.odt,37452,4.53
843.663,student,code,1001,read,/home/student/Projects/app/file2.py,7443,3.88
847.445,student,code,1001,open,/home/student/Projects/app/file2.py,0,0.0
855.788,student,code,1001,read,/home/student/Projects/app/file0.txt,94186,3.8
857.137,student,firefox,1003,read,/home/student/Downloads/file7.pdf,48794,5.49
858.975,student,firefox,1003,read,/home/student/Downloads/file2.html,57112,5.46
868.052,student,libreoffice,1002,read,/home/student/Documents/file10.ods,170936,4.8
871.04,student,thunderbird,1004,write,/home/student/Mail/file8.eml,117463,4.4
872.146,student,thunderbird,1004,open,/home/student/Mail/file8.eml,0,0.0
876.171,student,firefox,1003,open,/home/student/Downloads/file7.pdf,0,0.0
877.126,student,thunderbird,1004,open,/home/student/Mail/file8.eml,0,0.0
879.6,student,libreoffice,1002,read,/home/student/Documents/file11.ods,52869,4.2
884.488,student,thunderbird,1004,read,/home/student/Mail/file9.eml,131657,4.45
886.331,student,thunderbird,1004,open,/home/student/Mail/file11.eml,0,0.0
886.712,student,thunderbird,1004,read,/home/student/Mail/file6.eml,147884,4.81
898.063,student,libreoffice,1002,read,/home/student/Documents/file1.odt,199355,4.91
901.613,student,code,1001,write,/home/student/Projects/app/file2.md,143993,3.97
909.265,student,firefox,1003,read,/home/student/Downloads/file11.html,17391,4.9
909.931,student,firefox,1003,read,/home/student/Downloads/file2.html,141333,4.78
911.975,student,libreoffice,1002,write,/home/student/Documents/file3.ods,136610,4.79
912.138,student,firefox,1003,read,/home/student/Downloads/file7.html,182018,5.74
913.663,student,libreoffice,1002,write,/home/student/Documents/file3.odt,42978,4.36
914.198,student,code,1001,read,/home/student/Projects/app/file3.md,185601,3.88
916.529,student,libreoffice,1002,read,/home/student/Documents/file4.ods,27244,4.85
916.642,student,code,1001,read,/home/student/Projects/app/file1.md,26946,4.46
920.566,student,code,1001,open,/home/student/Projects/app/file5.txt,0,0.0
921.956,student,code,1001,write,/home/student/Projects/app/file1.txt,122875,4.11
924.694,student,libreoffice,1002,open,/home/student/Documents/file7.ods,0,0.0
924.786,student,firefox,1003,write,/home/student/Downloads/file11.pdf,174021,4.74
932.758,student,firefox,1003,open,/home/student/Downloads/file5.pdf,0,0.0
936.665,student,code,1001,open,/home/student/Projects/app/file10.py,0,0.0
938.686,student,code,1001,open,/home/student/Projects/app/file2.txt,0,0.0
939.925,student,code,1001,read,/home/student/Projects/app/file5.md,185106,3.85
941.793,student,code,1001,read,/home/student/Projects/app/file3.txt,30220,4.22
942.405,student,thunderbird,1004,close,/home/student/Mail/file5.eml,0,0.0
946.627,student,firefox,1003,write,/home/student/Downloads/file11.html,100702,5.21
946.788,student,firefox,1003,read,/home/student/Downloads/file9.pdf,153829,4.25
947.097,student,libreoffice,1002,open,/home/student/Documents/file1.odt,0,0.0
952.294,student,code,1001,open,/home/student/Projects/app/file1.txt,0,0.0
953.058,student,firefox,1003,close,/home/student/Downloads/file2.pdf,0,0.0
954.851,student,firefox,1003,read,/home/student/Downloads/file4.pdf,29869,5.09
955.251,student,libreoffice,1002,write,/home/student/Documents/file5.odt,46501,4.99
955.644,student,thunderbird,1004,write,/home/student/Mail/file5.eml,25440,4.39
956.545,student,code,1001,read,/home/student/Projects/app/file7.md,113248,4.83
961.18,student,firefox,1003,read,/home/student/Downloads/file7.pdf,53446,5.75
962.227,student,thunderbird,1004,open,/home/student/Mail/file1.eml,0,0.0
965.03,student,thunderbird,1004,write,/home/student/Mail/file4.eml,38492,4.79
966.921,student,libreoffice,1002,read,/home/student/Documents/file3.odt,193940,3.84
967.921,student,libreoffice,1002,open,/home/student/Documents/file2.odt,0,0.0
967.944,student,code,1001,open,/home/student/Projects/app/file7.py,0,0.0
969.867,student,thunderbird,1004,read,/home/student/Mail/file5.eml,185304,4.66
971.121,student,firefox,1003,open,/home/student/Downloads/file0.html,0,0.0
977.777,student,thunderbird,1004,open,/home/student/Mail/file8.eml,0,0.0
986.926,student,libreoffice,1002,read,/home/student/Documents/file1.odt,28343,5.33
988.004,student,code,1001,read,/home/student/Projects/app/file11.txt,40542,4.11
988.62,student,code,1001,write,/home/student/Projects/app/file2.txt,16724,5.1
989.076,student,libreoffice,1002,open,/home/student/Documents/file10.ods,0,0.0
991.325,student,libreoffice,1002,read,/home/student/Documents/file2.odt,51883,4.73
991.418,student,code,1001,read,/home/student/Projects/app/file3.txt,64825,4.88
993.717,student,code,1001,close,/home/student/Projects/app/file4.md,0,0.0
997.055,student,thunderbird,1004,read,/home/student/Mail/file8.eml,89739,4.82
1000.459,student,libreoffice,1002,read,/home/student/Documents/file9.ods,48771,5.5
1003.778,student,thunderbird,1004,read,/home/student/Mail/file4.eml,37950,4.26
1004.794,student,firefox,1003,open,/home/student/Downloads/file7.pdf,0,0.0
1008.767,student,thunderbird,1004,write,/home/student/Mail/file6.eml,122852,4.86
1017.304,student,firefox,1003,read,/home/student/Downloads/file6.pdf,186857,5.84
1021.069,student,firefox,1003,read,/home/student/Downloads/file8.pdf,157145,5.01
1029.144,student,libreoffice,1002,write,/home/student/Documents/file4.ods,97213,5.21
1043.656,student,firefox,1003,read,/home/student/Downloads/file5.pdf,181288,5.26
1051.522,student,thunderbird,1004,read,/home/student/Mail/file4.eml,71917,4.47
1053.5,student,thunderbird,1004,open,/home/student/Mail/file1.eml,0,0.0
1058.312,student,libreoffice,1002,open,/home/student/Documents/file7.odt,0,0.0
1058.66,student,thunderbird,1004,open,/home/student/Mail/file9.eml,0,0.0
1059.319,student,firefox,1003,open,/home/student/Downloads/file0.pdf,0,0.0
1060.512,student,libreoffice,1002,open,/home/student/Documents/file5.ods,0,0.0
1062.741,student,libreoffice,1002,close,/home/student/Documents/file6.ods,0,0.0
1064.064,student,thunderbird,1004,open,/home/student/Mail/file0.eml,0,0.0
1066.277,student,code,1001,open,/home/student/Projects/app/file10.md,0,0.0
1067.222,student,libreoffice,1002,open,/home/student/Documents/file0.ods,0,0.0
1068.251,student,firefox,1003,open,/home/student/Downloads/file2.html,0,0.0
1073.165,student,libreoffice,1002,read,/home/student/Documents/file0.odt,110537,4.34
1074.315,student,firefox,1003,read,/home/student/Downloads/file5.html,54386,5.26
1074.329,student,firefox,1003,close,/home/student/Downloads/file7.html,0,0.0
1074.556,student,code,1001,open,/home/student/Projects/app/file7.py,0,0.0
1077.455,student,firefox,1003,read,/home/student/Downloads/file8.pdf,112101,6.06
1077.702,student,libreoffice,1002,close,/home/student/Documents/file10.odt,0,0.0
1077.793,student,firefox,1003,open,/home/student/Downloads/file3.html,0,0.0
1082.168,student,thunderbird,1004,open,/home/student/Mail/file2.eml,0,0.0
1083.127,student,code,1001,write,/home/student/Projects/app/file3.md,157413,4.67
1088.665,student,firefox,1003,close,/home/student/Downloads/file10.pdf,0,0.0
1089.932,student,code,1001,open,/home/student/Projects/app/file5.md,0,0.0
1093.621,student,firefox,1003,open,/home/student/Downloads/file0.pdf,0,0.0
1096.911,student,code,1001,close,/home/student/Projects/app/file1.py,0,0.0
1098.052,student,firefox,1003,read,/home/student/Downloads/file4.html,26737,5.48
1102.14,student,firefox,1003,read,/home/student/Downloads/file11.pdf,43601,4.71
1105.517,student,thunderbird,1004,write,/home/student/Mail/file0.eml,77815,4.48
1110.929,student,firefox,1003,open,/home/student/Downloads/file7.pdf,0,0.0
1115.231,student,thunderbird,1004,write,/home/student/Mail/file0.eml,94447,4.37
1116.345,student,libreoffice,1002,open,/home/student/Documents/file3.odt,0,0.0
1116.483,student,thunderbird,1004,open,/home/student/Mail/file10.eml,0,0.0
1116.997,student,thunderbird,1004,open,/home/student/Mail/file3.eml,0,0.0
1118.402,student,thunderbird,1004,read,/home/student/Mail/file0.eml,104608,4.77
1118.663,student,firefox,1003,write,/home/student/Downloads/file8.pdf,111376,5.16
1122.582,student,libreoffice,1002,read,/home/student/Documents/file3.odt,16455,4.85
1128.16,student,libreoffice,1002,read,/home/student/Documents/file9.odt,63211,5.34
1128.212,student,thunderbird,1004,read,/home/student/Mail/file4.eml,43145,4.3
1129.07,student,code,1001,open,/home/student/Projects/app/file7.py,0,0.0
1133.258,student,thunderbird,1004,open,/home/student/Mail/file2.eml,0,0.0
1136.552,student,firefox,1003,write,/home/student/Downloads/file10.html,192463,5.64
1139.213,student,thunderbird,1004,write,/home/student/Mail/file3.eml,41158,4.01
1144.238,student,thunderbird,1004,read,/home/student/Mail/file8.eml,171027,4.81
1149.91,student,libreoffice,1002,open,/home/student/Documents/file5.ods,0,0.0
1153.055,student,thunderbird,1004,read,/home/student/Mail/file2.eml,179363,4.48
1153.256,student,thunderbird,1004,write,/home/student/Mail/file7.eml,192541,5.37
1157.594,student,code,1001,read,/home/student/Projects/app/file2.py,141218,4.83
1161.942,student,code,1001,open,/home/student/Projects/app/file1.py,0,0.0
1163.185,student,firefox,1003,close,/home/student/Downloads/file5.html,0,0.0
1177.54,student,thunderbird,1004,read,/home/student/Mail/file1.eml,84600,4.67
1177.727,student,thunderbird,1004,read,/home/student/Mail/file1.eml,182525,4.78
1182.021,student,code,1001,open,/home/student/Projects/app/file5.txt,0,0.0
1183.366,student,code,1001,open,/home/student/Projects/app/file5.py,0,0.0
1184.095,student,code,1001,read,/home/student/Projects/app/file7.md,23267,3.98
1184.731,student,thunderbird,1004,write,/home/student/Mail/file2.eml,88368,4.23
1185.161,student,firefox,1003,open,/home/student/Downloads/file1.html,0,0.0
1189.82,student,libreoffice,1002,read,/home/student/Documents/file8.odt,16315,4.73
1189.875,student,libreoffice,1002,open,/home/student/Documents/file11.odt,0,0.0
1190.515,student,libreoffice,1002,read,/home/student/Documents/file10.ods,48483,4.84
1195.128,student,thunderbird,1004,write,/home/student/Mail/file1.eml,22962,5.04
1196.289,student,thunderbird,1004,open,/home/student/Mail/file11.eml,0,0.0
1209.087,student,firefox,1003,write,/home/student/Downloads/file5.pdf,81910,5.89
1209.561,student,firefox,1003,open,/home/student/Downloads/file3.html,0,0.0
1212.061,student,thunderbird,1004,read,/home/student/Mail/file10.eml,190158,4.89
1212.475,student,thunderbird,1004,open,/home/student/Mail/file10.eml,0,0.0
1217.967,student,code,1001,close,/home/student/Projects/app/file0.txt,0,0.0
1219.925,student,libreoffice,1002,open,/home/student/Documents/file1.ods,0,0.0
1220.691,student,libreoffice,1002,read,/home/student/Documents/file9.ods,153952,5.51
1220.868,student,firefox,1003,open,/home/student/Downloads/file11.pdf,0,0.0
1232.591,student,libreoffice,1002,write,/home/student/Documents/file4.ods,92341,5.05
1242.649,student,firefox,1003,close,/home/student/Downloads/file0.html,0,0.0
1242.814,student,code,1001,write,/home/student/Projects/app/file2.py,148278,5.07
1244.543,student,thunderbird,1004,open,/home/student/Mail/file11.eml,0,0.0
1245.984,student,thunderbird,1004,open,/home/student/Mail/file2.eml,0,0.0
1250.296,student,firefox,1003,read,/home/student/Downloads/file10.html,195322,4.92
1254.732,student,code,1001,read,/home/student/Projects/app/file3.md,29833,4.13
1255.664,student,libreoffice,1002,open,/home/student/Documents/file6.odt,0,0.0
1257.364,student,firefox,1003,open,/home/student/Downloads/file8.html,0,0.0
1257.799,student,libreoffice,1002,read,/home/student/Documents/file6.odt,94456,5.05
1261.69,student,libreoffice,1002,write,/home/student/Documents/file11.odt,77627,4.77
1261.876,student,firefox,1003,read,/home/student/Downloads/file1.html,35068,4.73
1268.533,student,firefox,1003,open,/home/student/Downloads/file8.html,0,0.0
1269.885,student,thunderbird,1004,close,/home/student/Mail/file1.eml,0,0.0
1271.552,student,libreoffice,1002,read,/home/student/Documents/file7.ods,114610,4.61
1274.097,student,libreoffice,1002,open,/home/student/Documents/file9.ods,0,0.0
1277.71,student,code,1001,write,/home/student/Projects/app/file9.md,76564,4.82
1278.677,student,libreoffice,1002,read,/home/student/Documents/file0.ods,134710,4.77
1283.666,student,libreoffice,1002,open,/home/student/Documents/file1.ods,0,0.0
1286.09,student,thunderbird,1004,close,/home/student/Mail/file9.eml,0,0.0
1286.303,student,firefox,1003,read,/home/student/Downloads/file0.html,91917,5.23
1297.073,student,firefox,1003,open,/home/student/Downloads/file5.html,0,0.0
1300.512,student,libreoffice,1002,open,/home/student/Documents/file8.ods,0,0.0
1303.555,student,code,1001,write,/home/student/Projects/app/file8.txt,72731,4.23
1305.895,student,code,1001,close,/home/student/Projects/app/file3.md,0,0.0
1308.457,student,libreoffice,1002,write,/home/student/Documents/file5.ods,133628,4.66
1310.33,student,thunderbird,1004,read,/home/student/Mail/file2.eml,93213,4.96
1311.623,student,thunderbird,1004,close,/home/student/Mail/file6.eml,0,0.0
1323.199,student,code,1001,write,/home/student/Projects/app/file6.py,44763,4.41
1330.37,student,thunderbird,1004,write,/home/student/Mail/file5.eml,147668,4.84
1330.833,student,libreoffice,1002,read,/home/student/Documents/file4.ods,55271,4.57
1345.623,student,firefox,1003,open,/home/student/Downloads/file4.html,0,0.0
1349.565,student,firefox,1003,read,/home/student/Downloads/file9.html,1374,5.61
1351.043,student,code,1001,open,/home/student/Projects/app/file10.py,0,0.0
1353.537,student,code,1001,open,/home/student/Projects/app/file6.txt,0,0.0
1359.379,student,code,1001,write,/home/student/Projects/app/file11.md,96390,4.59
1360.267,student,code,1001,open,/home/student/Projects/app/file8.py,0,0.0
1369.994,student,firefox,1003,read,/home/student/Downloads/file7.pdf,165932,5.3
1372.049,student,firefox,1003,open,/home/student/Downloads/file6.html,0,0.0
1372.89,student,libreoffice,1002,close,/home/student/Documents/file7.odt,0,0.0
1374.154,student,thunderbird,1004,close,/home/student/Mail/file4.eml,0,0.0
1388.571,student,thunderbird,1004,read,/home/student/Mail/file7.eml,129845,5.16
1389.053,student,thunderbird,1004,write,/home/student/Mail/file11.eml,179869,4.65
1390.52,student,thunderbird,1004,write,/home/student/Mail/file2.eml,167989,4.75
1390.867,student,libreoffice,1002,read,/home/student/Documents/file1.ods,54211,5.38
1391.829,student,code,1001,close,/home/student/Projects/app/file4.md,0,0.0
1392.162,student,code,1001,read,/home/student/Projects/app/file2.py,135598,3.96
1395.727,student,code,1001,read,/home/student/Projects/app/file8.md,110455,4.51
1398.653,student,libreoffice,1002,open,/home/student/Documents/file4.odt,0,0.0
1400.818,student,libreoffice,1002,open,/home/student/Documents/file4.ods,0,0.0
1402.112,student,code,1001,close,/home/student/Projects/app/file11.md,0,0.0
1402.662,student,firefox,1003,write,/home/student/Downloads/file11.pdf,186898,4.46
1403.405,student,thunderbird,1004,close,/home/student/Mail/file5.eml,0,0.0
1404.791,student,libreoffice,1002,read,/home/student/Documents/file9.odt,44764,4.45
1408.243,student,firefox,1003,open,/home/student/Downloads/file1.pdf,0,0.0
1411.179,student,code,1001,read,/home/student/Projects/app/file7.txt,61641,4.19
1414.68,student,libreoffice,1002,open,/home/student/Documents/file9.odt,0,0.0
1415.934,student,thunderbird,1004,write,/home/student/Mail/file6.eml,51860,4.36
1420.792,student,code,1001,open,/home/student/Projects/app/file0.txt,0,0.0
1421.457,student,thunderbird,1004,read,/home/student/Mail/file7.eml,149918,4.97
1422.104,student,libreoffice,1002,open,/home/student/Documents/file4.odt,0,0.0
1422.198,student,code,1001,read,/home/student/Projects/app/file10.md,133260,4.27
1423.444,student,code,1001,read,/home/student/Projects/app/file1.md,68116,4.65
1424.803,student,libreoffice,1002,read,/home/student/Documents/file5.ods,75813,5.0
1426.038,student,firefox,1003,write,/home/student/Downloads/file6.pdf,139370,5.14
1431.707,student,code,1001,open,/home/student/Projects/app/file5.txt,0,0.0
1435.08,student,thunderbird,1004,read,/home/student/Mail/file7.eml,122078,4.13
1436.592,student,code,1001,open,/home/student/Projects/app/file9.md,0,0.0
1438.588,student,code,1001,read,/home/student/Projects/app/file2.txt,59582,4.0
1439.39,student,firefox,1003,read,/home/student/Downloads/file1.pdf,74661,4.81
1446.314,student,firefox,1003,open,/home/student/Downloads/file5.pdf,0,0.0
1447.29,student,thunderbird,1004,read,/home/student/Mail/file4.eml,46551,4.75
1449.235,student,libreoffice,1002,open,/home/student/Documents/file2.odt,0,0.0
1453.245,student,firefox,1003,open,/home/student/Downloads/file8.pdf,0,0.0
1454.52,student,code,1001,read,/home/student/Projects/app/file6.py,141706,4.11
1454.759,student,firefox,1003,open,/home/student/Downloads/file2.html,0,0.0
1458.361,student,firefox,1003,write,/home/student/Downloads/file11.pdf,116434,4.94
1463.743,student,thunderbird,1004,open,/home/student/Mail/file7.eml,0,0.0
1465.645,student,firefox,1003,write,/home/student/Downloads/file4.pdf,15612,5.16
1466.35,student,code,1001,read,/home/student/Projects/app/file7.txt,181703,4.43
1466.781,student,firefox,1003,write,/home/student/Downloads/file3.html,40168,5.57
1473.698,student,code,1001,write,/home/student/Projects/app/file11.txt,55866,3.62
1476.75,student,thunderbird,1004,write,/home/student/Mail/file10.eml,90428,5.29
1477.035,student,firefox,1003,close,/home/student/Downloads/file5.pdf,0,0.0
1483.89,student,libreoffice,1002,open,/home/student/Documents/file2.ods,0,0.0
1484.098,student,code,1001,read,/home/student/Projects/app/file6.py,23448,4.09
1487.504,student,thunderbird,1004,read,/home/student/Mail/file1.eml,194529,4.83
1498.413,student,thunderbird,1004,read,/home/student/Mail/file0.eml,56654,4.8
1498.982,student,code,1001,open,/home/student/Projects/app/file5.md,0,0.0
1499.677,student,code,1001,read,/home/student/Projects/app/file2.txt,26003,4.19
1508.187,student,thunderbird,1004,read,/home/student/Mail/file6.eml,70082,4.75
1510.722,student,thunderbird,1004,write,/home/student/Mail/file3.eml,108563,5.15
1516.517,student,thunderbird,1004,read,/home/student/Mail/file6.eml,147589,4.68
1516.869,student,firefox,1003,read,/home/student/Downloads/file2.html,11934,5.32
1520.442,student,code,1001,read,/home/student/Projects/app/file7.txt,56850,3.97
1525.751,student,thunderbird,1004,read,/home/student/Mail/file5.eml,144362,4.51
1526.34,student,libreoffice,1002,open,/home/student/Documents/file3.odt,0,0.0
1528.363,student,thunderbird,1004,read,/home/student/Mail/file3.eml,186447,4.78
1529.74,student,code,1001,open,/home/student/Projects/app/file9.py,0,0.0
1532.024,student,code,1001,read,/home/student/Projects/app/file10.py,140747,4.94
1537.337,student,thunderbird,1004,read,/home/student/Mail/file2.eml,110428,4.79
1543.919,student,firefox,1003,read,/home/student/Downloads/file10.html,130775,4.88
1552.734,student,firefox,1003,open,/home/student/Downloads/file1.html,0,0.0
1554.531,student,firefox,1003,open,/home/student/Downloads/file1.pdf,0,0.0
1554.551,student,libreoffice,1002,write,/home/student/Documents/file5.ods,144989,5.42
1554.867,student,code,1001,write,/home/student/Projects/app/file10.txt,68271,4.34
1556.213,student,code,1001,write,/home/student/Projects/app/file8.md,102934,3.91
1556.909,student,thunderbird,1004,open,/home/student/Mail/file5.eml,0,0.0
1564.723,student,firefox,1003,open,/home/student/Downloads/file10.html,0,0.0
1568.268,student,libreoffice,1002,write,/home/student/Documents/file8.ods,38172,4.37
1569.811,student,code,1001,read,/home/student/Projects/app/file3.txt,181604,4.33
1576.175,student,code,1001,read,/home/student/Projects/app/file3.py,59894,4.3
1579.266,student,code,1001,write,/home/student/Projects/app/file6.txt,114203,3.73
1579.47,student,thunderbird,1004,open,/home/student/Mail/file3.eml,0,0.0
1582.488,student,libreoffice,1002,close,/home/student/Documents/file3.ods,0,0.0
1584.775,student,code,1001,write,/home/student/Projects/app/file8.md,100998,4.2
1585.204,student,libreoffice,1002,read,/home/student/Documents/file1.ods,13935,5.27
1588.973,student,code,1001,read,/home/student/Projects/app/file7.py,23136,4.31
1591.177,student,firefox,1003,open,/home/student/Downloads/file5.pdf,0,0.0
1594.26,student,firefox,1003,close,/home/student/Downloads/file8.pdf,0,0.0
1594.748,student,code,1001,open,/home/student/Projects/app/file9.py,0,0.0
1595.813,student,firefox,1003,close,/home/student/Downloads/file3.pdf,0,0.0
1598.587,student,thunderbird,1004,open,/home/student/Mail/file5.eml,0,0.0
1600.89,student,code,1001,open,/home/student/Projects/app/file4.py,0,0.0
1603.022,student,firefox,1003,write,/home/student/Downloads/file3.html,27509,5.43
1603.403,student,firefox,1003,read,/home/student/Downloads/file2.html,115087,5.61
1607.621,student,libreoffice,1002,read,/home/student/Documents/file11.odt,7618,4.91
1609.733,student,code,1001,read,/home/student/Projects/app/file6.md,127936,4.15
1610.09,student,thunderbird,1004,read,/home/student/Mail/file9.eml,135191,4.13
1610.418,student,firefox,1003,read,/home/student/Downloads/file7.html,159784,5.6
1615.101,student,code,1001,open,/home/student/Projects/app/file2.md,0,0.0
1616.053,student,firefox,1003,read,/home/student/Downloads/file4.pdf,105623,5.29
1617.815,student,thunderbird,1004,read,/home/student/Mail/file11.eml,76788,4.62
1618.761,student,thunderbird,1004,close,/home/student/Mail/file3.eml,0,0.0
1619.481,student,thunderbird,1004,write,/home/student/Mail/file2.eml,190908,4.71
1620.527,student,firefox,1003,read,/home/student/Downloads/file7.html,153474,4.99
1622.488,student,firefox,1003,read,/home/student/Downloads/file2.pdf,43889,4.82
1624.184,student,code,1001,open,/home/student/Projects/app/file1.txt,0,0.0
1629.637,student,code,1001,read,/home/student/Projects/app/file6.md,64592,4.37
1630.733,student,code,1001,close,/home/student/Projects/app/file5.py,0,0.0
1632.559,student,libreoffice,1002,write,/home/student/Documents/file4.odt,94128,4.93
1639.547,student,firefox,1003,write,/home/student/Downloads/file2.html,185376,5.03
1644.207,student,libreoffice,1002,open,/home/student/Documents/file4.odt,0,0.0
1644.325,student,code,1001,open,/home/student/Projects/app/file0.txt,0,0.0
1644.494,student,code,1001,open,/home/student/Projects/app/file8.txt,0,0.0
1645.519,student,code,1001,open,/home/student/Projects/app/file8.txt,0,0.0
1652.064,student,code,1001,read,/home/student/Projects/app/file5.md,47056,4.78
1652.941,student,code,1001,read,/home/student/Projects/app/file0.py,4318,4.63
1658.172,student,code,1001,open,/home/student/Projects/app/file9.txt,0,0.0
1661.679,student,libreoffice,1002,open,/home/student/Documents/file4.ods,0,0.0
1670.563,student,libreoffice,1002,open,/home/student/Documents/file5.odt,0,0.0
1671.435,student,libreoffice,1002,read,/home/student/Documents/file9.odt,100299,5.04
1674.337,student,code,1001,write,/home/student/Projects/app/file1.py,57709,4.8
1674.854,student,code,1001,open,/home/student/Projects/app/file7.txt,0,0.0
1683.269,student,firefox,1003,close,/home/student/Downloads/file5.html,0,0.0
1690.979,student,firefox,1003,read,/home/student/Downloads/file10.html,25539,5.09
1696.095,student,firefox,1003,read,/home/student/Downloads/file3.pdf,161007,4.91
1702.954,student,thunderbird,1004,open,/home/student/Mail/file8.eml,0,0.0
1704.934,student,code,1001,open,/home/student/Projects/app/file1.md,0,0.0
1705.227,student,code,1001,write,/home/student/Projects/app/file0.md,134640,4.05
1707.057,student,thunderbird,1004,write,/home/student/Mail/file10.eml,112964,4.63
1716.206,student,firefox,1003,write,/home/student/Downloads/file1.pdf,90487,5.39
1721.033,student,firefox,1003,open,/home/student/Downloads/file10.pdf,0,0.0
1722.608,student,firefox,1003,open,/home/student/Downloads/file2.pdf,0,0.0
1723.05,student,thunderbird,1004,open,/home/student/Mail/file6.eml,0,0.0
1724.974,student,firefox,1003,write,/home/student/Downloads/file11.html,198336,5.34
1725.756,student,code,1001,open,/home/student/Projects/app/file1.txt,0,0.0
1726.423,student,libreoffice,1002,read,/home/student/Documents/file9.odt,16498,5.01
1726.699,student,thunderbird,1004,write,/home/student/Mail/file8.eml,152729,4.56
1728.621,student,libreoffice,1002,read,/home/student/Documents/file1.odt,139472,4.4
1735.422,student,libreoffice,1002,read,/home/student/Documents/file8.ods,194309,4.16
1740.66,student,firefox,1003,open,/home/student/Downloads/file9.html,0,0.0
1741.995,student,code,1001,read,/home/student/Projects/app/file2.txt,180031,4.31
1743.499,student,libreoffice,1002,close,/home/student/Documents/file8.ods,0,0.0
1747.567,student,firefox,1003,write,/home/student/Downloads/file7.pdf,4910,4.94
1747.812,student,firefox,1003,write,/home/student/Downloads/file8.pdf,86485,4.84
1749.898,student,thunderbird,1004,write,/home/student/Mail/file3.eml,91315,4.58
1755.644,student,thunderbird,1004,open,/home/student/Mail/file0.eml,0,0.0
1764.041,student,code,1001,write,/home/student/Projects/app/file2.md,20473,3.68
1764.639,student,code,1001,read,/home/student/Projects/app/file0.py,125072,4.77
1766.197,student,thunderbird,1004,read,/home/student/Mail/file0.eml,69226,4.79
1769.521,student,libreoffice,1002,read,/home/student/Documents/file1.odt,19473,4.91
1769.592,student,thunderbird,1004,open,/home/student/Mail/file1.eml,0,0.0
1769.783,student,firefox,1003,open,/home/student/Downloads/file5.pdf,0,0.0
1770.766,student,libreoffice,1002,read,/home/student/Documents/file0.ods,154865,5.3
1771.003,student,libreoffice,1002,open,/home/student/Documents/file11.odt,0,0.0
1774.606,student,thunderbird,1004,write,/home/student/Mail/file1.eml,150122,4.23
1775.323,student,thunderbird,1004,open,/home/student/Mail/file1.eml,0,0.0
1777.48,student,thunderbird,1004,close,/home/student/Mail/file9.eml,0,0.0
1777.563,student,thunderbird,1004,write,/home/student/Mail/file4.eml,14217,4.95
1783.261,student,firefox,1003,read,/home/student/Downloads/file2.pdf,45418,4.97
1784.883,student,code,1001,read,/home/student/Projects/app/file11.txt,28303,3.96
1786.385,student,libreoffice,1002,read,/home/student/Documents/file3.odt,159429,4.84
1793.259,student,code,1001,read,/home/student/Projects/app/file5.md,85512,3.87
1794.964,student,code,1001,write,/home/student/Projects/app/file5.txt,104990,5.19
1804.896,student,code,1001,open,/home/student/Projects/app/file8.txt,0,0.0
1805.205,student,libreoffice,1002,open,/home/student/Documents/file9.odt,0,0.0
1813.32,student,libreoffice,1002,open,/home/student/Documents/file4.ods,0,0.0
1818.922,student,firefox,1003,open,/home/student/Downloads/file2.pdf,0,0.0
1825.347,student,code,1001,write,/home/student/Projects/app/file10.md,104825,4.86
1836.775,student,firefox,1003,read,/home/student/Downloads/file9.html,109878,5.17
1844.35,student,firefox,1003,open,/home/student/Downloads/file1.html,0,0.0
1845.075,student,code,1001,open,/home/student/Projects/app/file4.py,0,0.0
1847.026,student,libreoffice,1002,open,/home/student/Documents/file5.odt,0,0.0
1852.504,student,libreoffice,1002,write,/home/student/Documents/file11.ods,175128,5.15
1854.012,student,libreoffice,1002,read,/home/student/Documents/file8.odt,147698,5.19
1855.754,student,code,1001,close,/home/student/Projects/app/file1.py,0,0.0
1858.035,student,firefox,1003,read,/home/student/Downloads/file9.pdf,92993,5.05
1859.829,student,thunderbird,1004,open,/home/student/Mail/file2.eml,0,0.0
1864.61,student,code,1001,open,/home/student/Projects/app/file3.md,0,0.0
1865.865,student,code,1001,open,/home/student/Projects/app/file2.txt,0,0.0
1867.233,student,code,1001,read,/home/student/Projects/app/file4.md,18345,4.45
1870.12,student,firefox,1003,read,/home/student/Downloads/file9.html,125251,5.83
1876.378,student,libreoffice,1002,read,/home/student/Documents/file7.ods,131664,5.2
1877.791,student,libreoffice,1002,read,/home/student/Documents/file1.ods,142815,5.16
1885.846,student,thunderbird,1004,read,/home/student/Mail/file10.eml,167533,4.18
1890.961,student,code,1001,read,/home/student/Projects/app/file6.md,96825,4.01
1896.017,student,libreoffice,1002,write,/home/student/Documents/file7.ods,31023,5.26
1901.116,student,firefox,1003,read,/home/student/Downloads/file5.pdf,175241,5.55
1902.167,student,code,1001,close,/home/student/Projects/app/file5.py,0,0.0
1902.854,student,thunderbird,1004,read,/home/student/Mail/file2.eml,78075,4.22
1903.626,student,firefox,1003,open,/home/student/Downloads/file5.html,0,0.0
1903.725,student,code,1001,write,/home/student/Projects/app/file0.py,152801,4.22
1903.835,student,libreoffice,1002,open,/home/student/Documents/file11.ods,0,0.0
1904.019,student,firefox,1003,open,/home/student/Downloads/file9.pdf,0,0.0
1904.777,student,thunderbird,1004,open,/home/student/Mail/file8.eml,0,0.0
1904.906,student,thunderbird,1004,write,/home/student/Mail/file6.eml,121726,4.73
1905.344,student,thunderbird,1004,write,/home/student/Mail/file8.eml,194371,4.03
1911.702,student,thunderbird,1004,open,/home/student/Mail/file8.eml,0,0.0
1919.177,student,code,1001,close,/home/student/Projects/app/file7.txt,0,0.0
1923.744,student,thunderbird,1004,read,/home/student/Mail/file10.eml,39329,4.42
1927.767,student,code,1001,write,/home/student/Projects/app/file11.md,35019,4.41
1928.543,student,firefox,1003,open,/home/student/Downloads/file2.pdf,0,0.0
1928.548,student,firefox,1003,open,/home/student/Downloads/file3.pdf,0,0.0
1929.743,student,thunderbird,1004,read,/home/student/Mail/file3.eml,95235,4.67
1935.12,student,libreoffice,1002,write,/home/student/Documents/file7.odt,25474,4.94
1937.161,student,thunderbird,1004,read,/home/student/Mail/file4.eml,81368,5.14
1939.331,student,thunderbird,1004,read,/home/student/Mail/file8.eml,35554,4.45
1939.369,student,code,1001,open,/home/student/Projects/app/file6.txt,0,0.0
1941.078,student,firefox,1003,close,/home/student/Downloads/file11.pdf,0,0.0
1944.307,student,code,1001,write,/home/student/Projects/app/file5.py,194921,4.34
1950.294,student,thunderbird,1004,read,/home/student/Mail/file9.eml,74769,4.57
1957.937,student,code,1001,write,/home/student/Projects/app/file11.py,124867,4.67
1960.79,student,firefox,1003,open,/home/student/Downloads/file11.pdf,0,0.0
1965.231,student,code,1001,read,/home/student/Projects/app/file0.md,60580,4.24
1972.064,student,thunderbird,1004,read,/home/student/Mail/file8.eml,123675,4.79
1975.091,student,firefox,1003,read,/home/student/Downloads/file8.pdf,36352,5.24
1981.017,student,libreoffice,1002,open,/home/student/Documents/file1.odt,0,0.0
1981.692,student,libreoffice,1002,write,/home/student/Documents/file9.odt,144231,4.62
1986.813,student,libreoffice,1002,open,/home/student/Documents/file1.ods,0,0.0
1988.261,student,firefox,1003,read,/home/student/Downloads/file10.pdf,43944,4.54
1988.732,student,code,1001,open,/home/student/Projects/app/file8.py,0,0.0
1991.068,student,libreoffice,1002,open,/home/student/Documents/file0.ods,0,0.0
1994.207,student,code,1001,open,/home/student/Projects/app/file9.md,0,0.0
1995.399,student,code,1001,write,/home/student/Projects/app/file6.md,91187,4.51
1999.558,student,thunderbird,1004,read,/home/student/Mail/file1.eml,157009,5.18
1999.939,student,thunderbird,1004,read,/home/student/Mail/file4.eml,39881,4.77
2004.378,student,thunderbird,1004,open,/home/student/Mail/file4.eml,0,0.0
2006.554,student,firefox,1003,close,/home/student/Downloads/file7.pdf,0,0.0
2014.817,student,thunderbird,1004,write,/home/student/Mail/file7.eml,134990,4.85
2016.64,student,libreoffice,1002,read,/home/student/Documents/file0.odt,20710,4.94
2018.464,student,firefox,1003,write,/home/student/Downloads/file8.pdf,51203,5.71
2020.156,student,firefox,1003,open,/home/student/Downloads/file0.pdf,0,0.0
2022.147,student,libreoffice,1002,open,/home/student/Documents/file3.odt,0,0.0
2024.315,student,thunderbird,1004,close,/home/student/Mail/file6.eml,0,0.0
2037.537,student,libreoffice,1002,read,/home/student/Documents/file7.odt,28597,4.59
2041.276,student,libreoffice,1002,read,/home/student/Documents/file1.odt,83687,4.53
2041.534,student,code,1001,open,/home/student/Projects/app/file8.txt,0,0.0
2044.971,student,code,1001,write,/home/student/Projects/app/file9.md,73329,4.15
2045.581,student,code,1001,write,/home/student/Projects/app/file9.md,54631,3.97
2053.489,student,libreoffice,1002,write,/home/student/Documents/file5.odt,138885,4.59
2054.16,student,firefox,1003,close,/home/student/Downloads/file5.pdf,0,0.0
2054.881,student,firefox,1003,write,/home/student/Downloads/file10.html,55678,4.69
2055.929,student,thunderbird,1004,open,/home/student/Mail/file1.eml,0,0.0
2055.997,student,firefox,1003,read,/home/student/Downloads/file1.pdf,47269,5.08
2057.116,student,libreoffice,1002,write,/home/student/Documents/file5.ods,165181,5.54
2058.152,student,thunderbird,1004,close,/home/student/Mail/file7.eml,0,0.0
2061.746,student,libreoffice,1002,open,/home/student/Documents/file7.ods,0,0.0
2062.107,student,libreoffice,1002,read,/home/student/Documents/file7.ods,60527,4.42
2063.425,student,firefox,1003,read,/home/student/Downloads/file5.html,72172,5.29
2064.094,student,libreoffice,1002,write,/home/student/Documents/file7.ods,13100,4.94
2064.895,student,thunderbird,1004,open,/home/student/Mail/file0.eml,0,0.0
2066.905,student,thunderbird,1004,open,/home/student/Mail/file5.eml,0,0.0
2076.894,student,thunderbird,1004,read,/home/student/Mail/file6.eml,129452,4.88
2078.867,student,code,1001,write,/home/student/Projects/app/file8.py,75687,4.05
2079.241,student,thunderbird,1004,read,/home/student/Mail/file1.eml,106489,4.58
2079.533,student,firefox,1003,read,/home/student/Downloads/file5.pdf,190247,5.57
2082.224,student,thunderbird,1004,write,/home/student/Mail/file0.eml,98712,5.37
2083.936,student,code,1001,read,/home/student/Projects/app/file10.txt,158926,4.21
2085.585,student,libreoffice,1002,read,/home/student/Documents/file4.odt,56924,4.69
2086.071,student,thunderbird,1004,read,/home/student/Mail/file0.eml,80418,4.88
2088.946,student,firefox,1003,close,/home/student/Downloads/file0.html,0,0.0
2089.783,student,firefox,1003,open,/home/student/Downloads/file9.pdf,0,0.0
2095.583,student,thunderbird,1004,read,/home/student/Mail/file3.eml,62707,4.35
2096.948,student,thunderbird,1004,read,/home/student/Mail/file1.eml,115381,5.11
2098.18,student,code,1001,write,/home/student/Projects/app/file0.md,37502,3.98
2099.556,student,code,1001,open,/home/student/Projects/app/file2.md,0,0.0
2099.762,student,libreoffice,1002,write,/home/student/Documents/file11.ods,87666,4.66
2102.159,student,libreoffice,1002,open,/home/student/Documents/file2.odt,0,0.0
2104.119,student,firefox,1003,open,/home/student/Downloads/file3.pdf,0,0.0
2106.46,student,thunderbird,1004,read,/home/student/Mail/file6.eml,142779,4.89
2117.549,student,code,1001,open,/home/student/Projects/app/file4.py,0,0.0
2117.584,student,code,1001,read,/home/student/Projects/app/file0.py,10975,5.06
2118.824,student,firefox,1003,read,/home/student/Downloads/file8.pdf,131932,4.78
2119.323,student,firefox,1003,read,/home/student/Downloads/file9.pdf,30317,4.72
2121.836,student,libreoffice,1002,write,/home/student/Documents/file4.odt,199829,5.35
2122.175,student,code,1001,read,/home/student/Projects/app/file9.md,11114,4.95
2124.236,student,firefox,1003,write,/home/student/Downloads/file6.pdf,148299,5.05
2124.531,student,code,1001,open,/home/student/Projects/app/file4.txt,0,0.0
2125.445,student,libreoffice,1002,read,/home/student/Documents/file4.odt,71805,4.26
2125.877,student,code,1001,close,/home/student/Projects/app/file6.py,0,0.0
2132.854,student,libreoffice,1002,read,/home/student/Documents/file6.odt,91889,5.41
2136.228,student,thunderbird,1004,write,/home/student/Mail/file3.eml,1748,5.04
2137.099,student,thunderbird,1004,read,/home/student/Mail/file7.eml,127964,4.62
2139.146,student,thunderbird,1004,read,/home/student/Mail/file4.eml,155806,4.81
2151.105,student,code,1001,read,/home/student/Projects/app/file11.py,145752,4.61
2156.239,student,code,1001,read,/home/student/Projects/app/file3.md,186757,4.78
2157.047,student,firefox,1003,read,/home/student/Downloads/file8.pdf,38860,5.27
2160.062,student,code,1001,write,/home/student/Projects/app/file3.py,74088,4.67
2160.917,student,code,1001,write,/home/student/Projects/app/file6.md,16188,4.21
2162.456,student,thunderbird,1004,read,/home/student/Mail/file8.eml,196666,4.67
2165.388,student,firefox,1003,read,/home/student/Downloads/file6.html,68478,5.16
2167.019,student,firefox,1003,read,/home/student/Downloads/file11.pdf,104297,5.51
2177.528,student,thunderbird,1004,read,/home/student/Mail/file5.eml,106267,4.5
2185.493,student,firefox,1003,close,/home/student/Downloads/file2.html,0,0.0
2186.714,student,code,1001,write,/home/student/Projects/app/file0.py,185545,3.64
2192.8,student,libreoffice,1002,open,/home/student/Documents/file1.odt,0,0.0
2194.709,student,libreoffice,1002,write,/home/student/Documents/file10.odt,32868,4.59
2197.398,student,firefox,1003,write,/home/student/Downloads/file4.html,29048,5.53
2197.683,student,thunderbird,1004,read,/home/student/Mail/file8.eml,124098,4.28
2200.986,student,thunderbird,1004,open,/home/student/Mail/file8.eml,0,0.0
2201.238,student,code,1001,write,/home/student/Projects/app/file0.py,46754,4.16
2203.222,student,thunderbird,1004,read,/home/student/Mail/file0.eml,71972,4.57
2203.695,student,firefox,1003,open,/home/student/Downloads/file11.html,0,0.0
2206.222,student,code,1001,open,/home/student/Projects/app/file1.py,0,0.0
2215.804,student,firefox,1003,read,/home/student/Downloads/file5.html,22796,5.47
2216.144,student,libreoffice,1002,write,/home/student/Documents/file4.odt,69702,4.59
2216.526,student,code,1001,read,/home/student/Projects/app/file5.txt,36452,3.86
2222.57,student,libreoffice,1002,open,/home/student/Documents/file10.ods,0,0.0
2226.603,student,code,1001,read,/home/student/Projects/app/file3.txt,145334,4.57
2235.199,student,libreoffice,1002,read,/home/student/Documents/file8.ods,187200,4.11
2235.576,student,thunderbird,1004,open,/home/student/Mail/file11.eml,0,0.0
2243.073,student,firefox,1003,write,/home/student/Downloads/file7.html,130746,5.76
2243.356,student,firefox,1003,open,/home/student/Downloads/file7.pdf,0,0.0
2243.754,student,code,1001,write,/home/student/Projects/app/file5.md,7440,3.72
2246.083,student,code,1001,read,/home/student/Projects/app/file9.md,14688,4.56
2251.536,student,code,1001,read,/home/student/Projects/app/file9.txt,55264,5.2
2252.277,student,code,1001,write,/home/student/Projects/app/file8.md,22917,4.28
2253.765,student,thunderbird,1004,read,/home/student/Mail/file2.eml,104493,5.08
2254.013,student,firefox,1003,read,/home/student/Downloads/file0.html,65583,5.34
2259.267,student,libreoffice,1002,open,/home/student/Documents/file2.odt,0,0.0
2259.809,student,code,1001,open,/home/student/Projects/app/file1.txt,0,0.0
2266.804,student,thunderbird,1004,close,/home/student/Mail/file4.eml,0,0.0
2272.173,student,code,1001,read,/home/student/Projects/app/file1.md,196431,4.62
2275.92,student,libreoffice,1002,read,/home/student/Documents/file10.odt,136561,4.92
2277.28,student,code,1001,read,/home/student/Projects/app/file8.py,109627,4.44
2279.34,student,code,1001,read,/home/student/Projects/app/file8.txt,142937,3.95
2280.907,student,code,1001,read,/home/student/Projects/app/file7.py,10284,3.68
2285.657,student,thunderbird,1004,write,/home/student/Mail/file1.eml,31438,4.19
2286.013,student,libreoffice,1002,read,/home/student/Documents/file9.ods,87140,5.4
2289.962,student,code,1001,read,/home/student/Projects/app/file10.py,178107,4.26
2291.424,student,thunderbird,1004,open,/home/student/Mail/file6.eml,0,0.0
2297.384,student,libreoffice,1002,read,/home/student/Documents/file8.ods,198344,4.34
2297.504,student,code,1001,close,/home/student/Projects/app/file9.md,0,0.0
2297.883,student,libreoffice,1002,read,/home/student/Documents/file7.odt,136146,4.82
2299.658,student,thunderbird,1004,open,/home/student/Mail/file5.eml,0,0.0
2302.049,student,thunderbird,1004,read,/home/student/Mail/file4.eml,119168,4.57
2307.784,student,libreoffice,1002,read,/home/student/Documents/file3.ods,53924,4.87
2313.294,student,libreoffice,1002,read,/home/student/Documents/file0.ods,178136,4.73
2319.735,student,thunderbird,1004,open,/home/student/Mail/file9.eml,0,0.0
2321.438,student,firefox,1003,open,/home/student/Downloads/file1.pdf,0,0.0
2330.002,student,libreoffice,1002,write,/home/student/Documents/file3.odt,176149,4.39
2334.601,student,libreoffice,1002,open,/home/student/Documents/file3.ods,0,0.0
2335.612,student,libreoffice,1002,close,/home/student/Documents/file10.odt,0,0.0
2338.161,student,code,1001,read,/home/student/Projects/app/file11.txt,110185,4.69
2338.366,student,libreoffice,1002,write,/home/student/Documents/file1.odt,70713,5.15
2339.942,student,libreoffice,1002,read,/home/student/Documents/file2.odt,17168,5.38
2341.467,student,libreoffice,1002,close,/home/student/Documents/file4.odt,0,0.0
2342.972,student,thunderbird,1004,open,/home/student/Mail/file2.eml,0,0.0
2346.079,student,libreoffice,1002,open,/home/student/Documents/file9.odt,0,0.0
2351.205,student,firefox,1003,open,/home/student/Downloads/file4.html,0,0.0
2353.093,student,thunderbird,1004,open,/home/student/Mail/file1.eml,0,0.0
2358.478,student,firefox,1003,write,/home/student/Downloads/file3.html,67446,4.96
2360.827,student,libreoffice,1002,read,/home/student/Documents/file6.odt,126624,4.12
2362.032,student,code,1001,open,/home/student/Projects/app/file10.md,0,0.0
2362.775,student,libreoffice,1002,read,/home/student/Documents/file0.odt,102312,4.45
2363.971,student,firefox,1003,read,/home/student/Downloads/file6.pdf,35651,5.67
2367.498,student,firefox,1003,write,/home/student/Downloads/file7.html,164775,5.07
2367.971,student,firefox,1003,open,/home/student/Downloads/file10.html,0,0.0
2368.7,student,thunderbird,1004,read,/home/student/Mail/file9.eml,169975,4.87
2373.65,student,code,1001,write,/home/student/Projects/app/file5.md,150059,4.02
2376.562,student,thunderbird,1004,read,/home/student/Mail/file1.eml,23351,4.87
2378.203,student,thunderbird,1004,open,/home/student/Mail/file4.eml,0,0.0
2381.435,student,firefox,1003,read,/home/student/Downloads/file1.pdf,199766,4.94
2385.957,student,libreoffice,1002,close,/home/student/Documents/file7.ods,0,0.0
2387.411,student,firefox,1003,read,/home/student/Downloads/file5.html,43845,4.66
2388.461,student,code,1001,close,/home/student/Projects/app/file4.py,0,0.0
2391.715,student,code,1001,read,/home/student/Projects/app/file8.txt,96276,3.8
2393.421,student,libreoffice,1002,write,/home/student/Documents/file6.odt,114249,4.78
2395.076,student,code,1001,close,/home/student/Projects/app/file0.txt,0,0.0
2395.118,student,firefox,1003,open,/home/student/Downloads/file3.pdf,0,0.0
2395.291,student,libreoffice,1002,read,/home/student/Documents/file11.odt,87819,4.81
2400.467,student,firefox,1003,read,/home/student/Downloads/file7.html,57984,5.03
2402.046,student,libreoffice,1002,write,/home/student/Documents/file3.ods,182461,5.45
2402.188,student,firefox,1003,open,/home/student/Downloads/file11.html,0,0.0
2409.947,student,libreoffice,1002,open,/home/student/Documents/file10.odt,0,0.0
2410.377,student,code,1001,read,/home/student/Projects/app/file7.md,171711,4.76
2413.277,student,code,1001,write,/home/student/Projects/app/file11.txt,165565,3.84
2415.618,student,libreoffice,1002,write,/home/student/Documents/file4.ods,99138,4.29
2418.038,student,code,1001,write,/home/student/Projects/app/file10.txt,54076,4.62
2419.324,student,code,1001,close,/home/student/Projects/app/file3.py,0,0.0
2425.861,student,code,1001,open,/home/student/Projects/app/file0.txt,0,0.0
2427.056,student,libreoffice,1002,close,/home/student/Documents/file8.odt,0,0.0
2430.35,student,thunderbird,1004,write,/home/student/Mail/file11.eml,138952,4.63
2435.506,student,firefox,1003,read,/home/student/Downloads/file10.pdf,92579,5.91
2437.396,student,thunderbird,1004,read,/home/student/Mail/file4.eml,85510,4.73
2439.37,student,libreoffice,1002,write,/home/student/Documents/file3.ods,63894,5.48
2442.63,student,thunderbird,1004,open,/home/student/Mail/file6.eml,0,0.0
2443.411,student,libreoffice,1002,open,/home/student/Documents/file10.odt,0,0.0
2444.664,student,firefox,1003,read,/home/student/Downloads/file9.pdf,24360,5.89
2446.123,student,code,1001,open,/home/student/Projects/app/file2.py,0,0.0
2446.499,student,code,1001,close,/home/student/Projects/app/file3.txt,0,0.0
2448.649,student,firefox,1003,read,/home/student/Downloads/file10.pdf,54579,4.77
2450.757,student,firefox,1003,read,/home/student/Downloads/file6.html,165467,5.27
2452.504,student,firefox,1003,read,/home/student/Downloads/file6.html,109373,4.79
2454.581,student,libreoffice,1002,open,/home/student/Documents/file6.ods,0,0.0
2455.593,student,firefox,1003,open,/home/student/Downloads/file7.html,0,0.0
2456.621,student,code,1001,read,/home/student/Projects/app/file9.txt,23916,4.58
2458.096,student,thunderbird,1004,write,/home/student/Mail/file5.eml,115202,4.19
2460.897,student,thunderbird,1004,read,/home/student/Mail/file6.eml,184433,4.89
2461.517,student,libreoffice,1002,read,/home/student/Documents/file5.odt,46357,4.56
2463.667,student,firefox,1003,read,/home/student/Downloads/file7.html,102528,5.21
2471.278,student,libreoffice,1002,write,/home/student/Documents/file5.odt,62582,5.09
2473.45,student,thunderbird,1004,open,/home/student/Mail/file10.eml,0,0.0
2476.843,student,firefox,1003,read,/home/student/Downloads/file3.pdf,145217,5.62
2478.413,student,firefox,1003,read,/home/student/Downloads/file3.pdf,159039,6.03
2487.101,student,code,1001,read,/home/student/Projects/app/file11.md,125318,4.63
2493.848,student,thunderbird,1004,open,/home/student/Mail/file9.eml,0,0.0
2494.203,student,code,1001,open,/home/student/Projects/app/file3.txt,0,0.0
2500.746,student,thunderbird,1004,read,/home/student/Mail/file7.eml,28719,4.94
2511.916,student,libreoffice,1002,write,/home/student/Documents/file3.odt,91358,5.53
2519.616,student,libreoffice,1002,open,/home/student/Documents/file6.ods,0,0.0
2520.125,student,code,1001,write,/home/student/Projects/app/file4.py,90466,5.02
2521.245,student,firefox,1003,read,/home/student/Downloads/file8.pdf,96143,5.1
2522.307,student,code,1001,open,/home/student/Projects/app/file8.md,0,0.0
2525.04,student,code,1001,open,/home/student/Projects/app/file6.txt,0,0.0
2528.754,student,code,1001,write,/home/student/Projects/app/file0.txt,143292,4.5
2533.136,student,thunderbird,1004,read,/home/student/Mail/file0.eml,145288,4.36
2540.499,student,libreoffice,1002,write,/home/student/Documents/file11.ods,94226,5.12
2542.762,student,libreoffice,1002,open,/home/student/Documents/file11.odt,0,0.0
2544.328,student,code,1001,read,/home/student/Projects/app/file4.md,16081,4.49
2553.72,student,firefox,1003,read,/home/student/Downloads/file2.pdf,109563,5.44
2554.998,student,thunderbird,1004,write,/home/student/Mail/file6.eml,3197,4.61
2555.236,student,firefox,1003,write,/home/student/Downloads/file10.html,132116,5.88
2555.509,student,code,1001,write,/home/student/Projects/app/file2.txt,160767,3.99
2555.965,student,libreoffice,1002,close,/home/student/Documents/file1.odt,0,0.0
2556.525,student,libreoffice,1002,read,/home/student/Documents/file1.ods,72731,3.96
2571.059,student,thunderbird,1004,read,/home/student/Mail/file9.eml,199649,4.86
2571.278,student,libreoffice,1002,open,/home/student/Documents/file5.odt,0,0.0
2573.476,student,firefox,1003,open,/home/student/Downloads/file2.pdf,0,0.0
2580.771,student,libreoffice,1002,read,/home/student/Documents/file11.odt,20883,4.35
2582.566,student,code,1001,read,/home/student/Projects/app/file11.py,114493,4.46
2583.928,student,firefox,1003,write,/home/student/Downloads/file11.html,60666,5.18
2584.005,student,thunderbird,1004,open,/home/student/Mail/file8.eml,0,0.0
2587.045,student,code,1001,read,/home/student/Projects/app/file8.py,127554,3.75
2588.242,student,libreoffice,1002,close,/home/student/Documents/file3.odt,0,0.0
2589.542,student,thunderbird,1004,open,/home/student/Mail/file1.eml,0,0.0
2592.176,student,code,1001,read,/home/student/Projects/app/file0.py,163778,4.4
2595.047,student,libreoffice,1002,open,/home/student/Documents/file9.odt,0,0.0
2595.459,student,thunderbird,1004,close,/home/student/Mail/file5.eml,0,0.0
2603.131,student,firefox,1003,write,/home/student/Downloads/file1.pdf,147121,6.16
2603.599,student,firefox,1003,close,/home/student/Downloads/file7.pdf,0,0.0
2604.656,student,libreoffice,1002,read,/home/student/Documents/file9.ods,161754,5.52
2606.076,student,libreoffice,1002,read,/home/student/Documents/file0.ods,148789,4.9
2606.132,student,firefox,1003,open,/home/student/Downloads/file8.html,0,0.0
2608.638,student,libreoffice,1002,open,/home/student/Documents/file9.ods,0,0.0
2609.464,student,thunderbird,1004,open,/home/student/Mail/file4.eml,0,0.0
2615.51,student,firefox,1003,close,/home/student/Downloads/file11.pdf,0,0.0
2621.489,student,code,1001,read,/home/student/Projects/app/file10.txt,142873,5.16
2624.073,student,libreoffice,1002,read,/home/student/Documents/file8.odt,163802,3.85
2624.713,student,thunderbird,1004,read,/home/student/Mail/file9.eml,198767,4.71
2634.201,student,firefox,1003,close,/home/student/Downloads/file10.pdf,0,0.0
2637.681,student,firefox,1003,read,/home/student/Downloads/file8.pdf,138088,5.3
2640.402,student,thunderbird,1004,open,/home/student/Mail/file4.eml,0,0.0
2644.046,student,firefox,1003,read,/home/student/Downloads/file3.pdf,82476,4.48
2644.081,student,thunderbird,1004,read,/home/student/Mail/file6.eml,134645,4.92
2644.63,student,thunderbird,1004,read,/home/student/Mail/file3.eml,176463,4.49
2644.658,student,code,1001,read,/home/student/Projects/app/file8.py,35371,4.48
2649.931,student,libreoffice,1002,write,/home/student/Documents/file9.odt,114134,4.74
2654.8,student,libreoffice,1002,read,/home/student/Documents/file11.ods,21847,5.21
2658.314,student,libreoffice,1002,read,/home/student/Documents/file1.odt,157931,5.2
2660.437,student,libreoffice,1002,write,/home/student/Documents/file4.ods,109002,4.97
2662.155,student,thunderbird,1004,read,/home/student/Mail/file1.eml,167526,5.39
2665.736,student,thunderbird,1004,open,/home/student/Mail/file1.eml,0,0.0
2669.735,student,firefox,1003,read,/home/student/Downloads/file10.html,166546,4.69
2674.306,student,thunderbird,1004,write,/home/student/Mail/file10.eml,101425,4.52
2675.199,student,libreoffice,1002,read,/home/student/Documents/file1.ods,20241,4.85
2675.858,student,libreoffice,1002,read,/home/student/Documents/file6.ods,56061,5.09
2677.32,student,firefox,1003,read,/home/student/Downloads/file1.html,159645,5.34
2677.416,student,libreoffice,1002,open,/home/student/Documents/file0.ods,0,0.0
2679.343,student,thunderbird,1004,open,/home/student/Mail/file11.eml,0,0.0
2684.582,student,thunderbird,1004,read,/home/student/Mail/file7.eml,35592,3.61
2692.432,student,firefox,1003,read,/home/student/Downloads/file6.pdf,18355,5.58
2693.55,student,thunderbird,1004,read,/home/student/Mail/file4.eml,165663,4.69
2701.411,student,libreoffice,1002,open,/home/student/Documents/file0.odt,0,0.0
2705.914,student,code,1001,open,/home/student/Projects/app/file1.md,0,0.0
2707.179,student,firefox,1003,read,/home/student/Downloads/file6.html,1115,5.13
2712.666,student,firefox,1003,write,/home/student/Downloads/file8.html,181560,5.39
2720.397,student,firefox,1003,read,/home/student/Downloads/file7.html,158419,5.54
2721.42,student,code,1001,read,/home/student/Projects/app/file10.txt,130204,4.89
2722.346,student,firefox,1003,write,/home/student/Downloads/file7.html,66737,5.3
2723.792,student,code,1001,read,/home/student/Projects/app/file8.txt,105659,3.65
2726.115,student,libreoffice,1002,read,/home/student/Documents/file11.ods,139307,5.65
2729.577,student,firefox,1003,close,/home/student/Downloads/file9.html,0,0.0
2729.635,student,firefox,1003,write,/home/student/Downloads/file9.html,124680,5.83
2735.413,student,libreoffice,1002,read,/home/student/Documents/file9.ods,172204,4.62
2744.18,student,thunderbird,1004,read,/home/student/Mail/file3.eml,65551,4.09
2746.642,student,libreoffice,1002,open,/home/student/Documents/file1.ods,0,0.0
2748.61,student,firefox,1003,open,/home/student/Downloads/file4.html,0,0.0
2754.713,student,thunderbird,1004,open,/home/student/Mail/file0.eml,0,0.0
2773.703,student,thunderbird,1004,read,/home/student/Mail/file9.eml,185683,4.16
2775.536,student,thunderbird,1004,open,/home/student/Mail/file6.eml,0,0.0
2780.063,student,code,1001,close,/home/student/Projects/app/file9.py,0,0.0
2782.642,student,firefox,1003,read,/home/student/Downloads/file3.html,128344,5.77
2791.515,student,firefox,1003,write,/home/student/Downloads/file0.html,45688,5.35
2792.568,student,libreoffice,1002,open,/home/student/Documents/file2.ods,0,0.0
2793.791,student,thunderbird,1004,open,/home/student/Mail/file8.eml,0,0.0
2794.637,student,libreoffice,1002,read,/home/student/Documents/file10.odt,13641,4.82
2796.444,student,firefox,1003,write,/home/student/Downloads/file0.pdf,123260,5.26
2807.553,student,libreoffice,1002,open,/home/student/Documents/file9.ods,0,0.0
2811.61,student,thunderbird,1004,open,/home/student/Mail/file5.eml,0,0.0
2813.652,student,firefox,1003,write,/home/student/Downloads/file10.pdf,97491,5.03
2816.049,student,libreoffice,1002,open,/home/student/Documents/file4.ods,0,0.0
2818.36,student,libreoffice,1002,read,/home/student/Documents/file7.odt,42649,4.3
2824.986,student,thunderbird,1004,read,/home/student/Mail/file8.eml,179503,4.94
2825.237,student,thunderbird,1004,open,/home/student/Mail/file1.eml,0,0.0
2827.777,student,code,1001,read,/home/student/Projects/app/file0.py,27575,4.58
2829.566,student,firefox,1003,close,/home/student/Downloads/file2.html,0,0.0
2830.372,student,thunderbird,1004,read,/home/student/Mail/file7.eml,171539,4.29
2831.285,student,firefox,1003,close,/home/student/Downloads/file10.pdf,0,0.0
2832.293,student,code,1001,open,/home/student/Projects/app/file5.txt,0,0.0
2835.427,student,thunderbird,1004,open,/home/student/Mail/file6.eml,0,0.0
2838.671,student,firefox,1003,open,/home/student/Downloads/file11.html,0,0.0
2839.017,student,firefox,1003,write,/home/student/Downloads/file0.html,118941,5.92
2843.046,student,thunderbird,1004,write,/home/student/Mail/file0.eml,16928,4.03
2844.827,student,libreoffice,1002,open,/home/student/Documents/file1.odt,0,0.0
2845.668,student,libreoffice,1002,close,/home/student/Documents/file10.ods,0,0.0
2849.567,student,thunderbird,1004,write,/home/student/Mail/file2.eml,111246,4.68
2852.914,student,libreoffice,1002,open,/home/student/Documents/file2.odt,0,0.0
2854.798,student,firefox,1003,write,/home/student/Downloads/file1.html,189600,5.52
2860.393,student,libreoffice,1002,read,/home/student/Documents/file1.ods,190330,4.16
2867.503,student,thunderbird,1004,open,/home/student/Mail/file6.eml,0,0.0
2868.524,student,libreoffice,1002,read,/home/student/Documents/file4.ods,144265,4.89
2874.368,student,code,1001,close,/home/student/Projects/app/file3.md,0,0.0
2874.379,student,code,1001,read,/home/student/Projects/app/file7.md,134618,4.5
2878.03,student,libreoffice,1002,open,/home/student/Documents/file11.odt,0,0.0
2886.206,student,libreoffice,1002,open,/home/student/Documents/file3.ods,0,0.0
2888.361,student,thunderbird,1004,read,/home/student/Mail/file8.eml,146172,3.63
2890.71,student,thunderbird,1004,write,/home/student/Mail/file5.eml,114532,4.34
2891.143,student,libreoffice,1002,write,/home/student/Documents/file3.ods,37248,5.1
2893.227,student,libreoffice,1002,write,/home/student/Documents/file0.odt,130475,4.98
2897.514,student,firefox,1003,read,/home/student/Downloads/file2.pdf,185297,5.3
2898.3,student,thunderbird,1004,open,/home/student/Mail/file4.eml,0,0.0
2904.694,student,libreoffice,1002,write,/home/student/Documents/file10.ods,194805,5.11
2905.312,student,firefox,1003,open,/home/student/Downloads/file0.pdf,0,0.0
2913.08,student,code,1001,open,/home/student/Projects/app/file3.md,0,0.0
2913.656,student,thunderbird,1004,read,/home/student/Mail/file3.eml,123793,5.13
2916.575,student,libreoffice,1002,read,/home/student/Documents/file4.odt,92778,5.11
2918.654,student,code,1001,read,/home/student/Projects/app/file6.py,196281,4.28
2935.075,student,libreoffice,1002,open,/home/student/Documents/file1.ods,0,0.0
2939.638,student,firefox,1003,read,/home/student/Downloads/file11.pdf,5643,5.35
2942.558,student,libreoffice,1002,open,/home/student/Documents/file0.ods,0,0.0
2945.055,student,code,1001,close,/home/student/Projects/app/file6.txt,0,0.0
2945.179,student,code,1001,write,/home/student/Projects/app/file5.py,170252,3.79
2945.669,student,libreoffice,1002,close,/home/student/Documents/file8.ods,0,0.0
2956.296,student,firefox,1003,read,/home/student/Downloads/file9.pdf,165203,4.31
2956.783,student,code,1001,read,/home/student/Projects/app/file1.txt,26763,4.4
2957.096,student,libreoffice,1002,read,/home/student/Documents/file7.odt,153330,4.6
2957.485,student,libreoffice,1002,read,/home/student/Documents/file3.ods,36404,5.28
2959.023,student,code,1001,close,/home/student/Projects/app/file10.py,0,0.0
2959.591,student,libreoffice,1002,read,/home/student/Documents/file6.odt,166731,4.98
2964.185,student,firefox,1003,read,/home/student/Downloads/file3.pdf,84772,4.94
2965.964,student,libreoffice,1002,write,/home/student/Documents/file11.odt,53871,4.79
2967.509,student,firefox,1003,open,/home/student/Downloads/file10.pdf,0,0.0
2968.66,student,thunderbird,1004,open,/home/student/Mail/file10.eml,0,0.0
2970.598,student,code,1001,open,/home/student/Projects/app/file11.md,0,0.0
2973.225,student,thunderbird,1004,read,/home/student/Mail/file10.eml,106365,4.76
2981.175,student,code,1001,write,/home/student/Projects/app/file0.txt,79218,4.53
2986.059,student,firefox,1003,read,/home/student/Downloads/file6.html,68974,5.58
3002.252,student,libreoffice,1002,read,/home/student/Documents/file2.ods,37605,4.36
3003.291,student,libreoffice,1002,open,/home/student/Documents/file5.ods,0,0.0
3005.725,student,code,1001,read,/home/student/Projects/app/file5.py,155979,4.73
3012.51,student,firefox,1003,open,/home/student/Downloads/file1.pdf,0,0.0
3015.322,student,libreoffice,1002,read,/home/student/Documents/file8.ods,141161,4.66
3015.353,student,code,1001,close,/home/student/Projects/app/file6.md,0,0.0
3016.745,student,thunderbird,1004,read,/home/student/Mail/file1.eml,21826,4.3
3024.684,student,libreoffice,1002,open,/home/student/Documents/file5.odt,0,0.0
3031.505,student,firefox,1003,write,/home/student/Downloads/file2.html,108783,5.12
3036.956,student,firefox,1003,write,/home/student/Downloads/file8.pdf,156506,5.34
3040.685,student,libreoffice,1002,read,/home/student/Documents/file0.ods,136462,4.74
3042.486,student,firefox,1003,write,/home/student/Downloads/file9.html,143262,5.62
3044.3,student,code,1001,open,/home/student/Projects/app/file0.py,0,0.0
3057.455,student,thunderbird,1004,read,/home/student/Mail/file7.eml,94860,4.02
3057.717,student,libreoffice,1002,open,/home/student/Documents/file2.ods,0,0.0
3062.258,student,code,1001,open,/home/student/Projects/app/file2.py,0,0.0
3062.712,student,thunderbird,1004,open,/home/student/Mail/file5.eml,0,0.0
3063.666,student,code,1001,read,/home/student/Projects/app/file7.md,142957,4.53
3067.821,student,libreoffice,1002,open,/home/student/Documents/file2.ods,0,0.0
3069.557,student,firefox,1003,open,/home/student/Downloads/file10.html,0,0.0
3074.359,student,firefox,1003,open,/home/student/Downloads/file3.html,0,0.0
3077.29,student,firefox,1003,read,/home/student/Downloads/file7.html,29461,5.98
3081.615,student,code,1001,close,/home/student/Projects/app/file10.txt,0,0.0
3082.603,student,thunderbird,1004,open,/home/student/Mail/file4.eml,0,0.0
3084.379,student,thunderbird,1004,read,/home/student/Mail/file3.eml,4680,4.11
3088.745,student,firefox,1003,read,/home/student/Downloads/file11.html,160045,4.83
3092.112,student,thunderbird,1004,open,/home/student/Mail/file6.eml,0,0.0
3098.963,student,firefox,1003,open,/home/student/Downloads/file0.pdf,0,0.0
3114.687,student,code,1001,read,/home/student/Projects/app/file8.txt,11887,3.66
3116.939,student,libreoffice,1002,open,/home/student/Documents/file3.odt,0,0.0
3116.947,student,thunderbird,1004,read,/home/student/Mail/file8.eml,61255,5.11
3117.028,student,libreoffice,1002,open,/home/student/Documents/file4.ods,0,0.0
3117.295,student,libreoffice,1002,read,/home/student/Documents/file7.ods,83169,4.46
3118.007,student,code,1001,read,/home/student/Projects/app/file7.md,177926,4.84
3120.352,student,firefox,1003,open,/home/student/Downloads/file4.pdf,0,0.0
3121.236,student,libreoffice,1002,read,/home/student/Documents/file0.odt,15088,4.01
3121.241,student,firefox,1003,read,/home/student/Downloads/file11.html,75850,5.81
3129.748,student,firefox,1003,write,/home/student/Downloads/file4.pdf,60509,5.32
3132.08,student,code,1001,write,/home/student/Projects/app/file10.md,47856,3.7
3133.953,student,libreoffice,1002,write,/home/student/Documents/file0.odt,3545,4.82
3144.864,student,libreoffice,1002,read,/home/student/Documents/file6.odt,31809,4.49
3149.892,student,thunderbird,1004,write,/home/student/Mail/file2.eml,147557,4.06
3150.825,student,code,1001,read,/home/student/Projects/app/file7.md,45501,3.93
3151.011,student,code,1001,read,/home/student/Projects/app/file4.txt,178594,4.13
3155.59,student,code,1001,open,/home/student/Projects/app/file6.md,0,0.0
3159.838,student,firefox,1003,read,/home/student/Downloads/file1.pdf,131825,5.44
3169.456,student,libreoffice,1002,read,/home/student/Documents/file4.ods,157187,5.16
3170.68,student,firefox,1003,open,/home/student/Downloads/file8.pdf,0,0.0
3171.07,student,firefox,1003,read,/home/student/Downloads/file6.html,5845,5.26
3172.32,student,thunderbird,1004,open,/home/student/Mail/file0.eml,0,0.0
3177.357,student,libreoffice,1002,close,/home/student/Documents/file2.odt,0,0.0
3180.638,student,libreoffice,1002,write,/home/student/Documents/file3.odt,41044,4.73
3182.004,student,thunderbird,1004,open,/home/student/Mail/file2.eml,0,0.0
3182.497,student,firefox,1003,write,/home/student/Downloads/file3.html,131430,4.62
3183.555,student,code,1001,write,/home/student/Projects/app/file11.py,168641,4.17
3185.142,student,thunderbird,1004,open,/home/student/Mail/file1.eml,0,0.0
3193.872,student,code,1001,open,/home/student/Projects/app/file5.py,0,0.0
3195.434,student,firefox,1003,open,/home/student/Downloads/file4.pdf,0,0.0
3200.375,student,code,1001,read,/home/student/Projects/app/file11.py,16573,4.44
3203.113,student,firefox,1003,write,/home/student/Downloads/file10.pdf,153542,5.32
3204.958,student,code,1001,open,/home/student/Projects/app/file1.py,0,0.0
3205.587,student,thunderbird,1004,write,/home/student/Mail/file8.eml,5495,4.81
3208.064,student,code,1001,close,/home/student/Projects/app/file7.py,0,0.0
3210.715,student,firefox,1003,read,/home/student/Downloads/file2.pdf,76069,5.08
3217.373,student,firefox,1003,write,/home/student/Downloads/file7.pdf,65671,5.48
3224.301,student,code,1001,open,/home/student/Projects/app/file10.md,0,0.0
3234.247,student,thunderbird,1004,read,/home/student/Mail/file3.eml,53018,5.4
3235.238,student,firefox,1003,write,/home/student/Downloads/file4.html,171073,5.06
3239.444,student,code,1001,write,/home/student/Projects/app/file4.py,153318,4.49
3241.847,student,firefox,1003,read,/home/student/Downloads/file5.pdf,57785,5.15
3243.631,student,libreoffice,1002,read,/home/student/Documents/file10.odt,105291,4.9
3246.464,student,libreoffice,1002,open,/home/student/Documents/file4.ods,0,0.0
3249.005,student,firefox,1003,write,/home/student/Downloads/file1.pdf,168469,4.79
3249.172,student,code,1001,open,/home/student/Projects/app/file6.md,0,0.0
3251.517,student,firefox,1003,write,/home/student/Downloads/file9.html,114154,4.59
3252.776,student,code,1001,read,/home/student/Projects/app/file10.py,153007,4.27
3256.64,student,thunderbird,1004,read,/home/student/Mail/file6.eml,95503,3.83
3257.274,student,thunderbird,1004,write,/home/student/Mail/file1.eml,155284,4.25
3258.251,student,thunderbird,1004,open,/home/student/Mail/file5.eml,0,0.0
3265.972,student,firefox,1003,read,/home/student/Downloads/file11.pdf,44927,4.86
3278.051,student,libreoffice,1002,open,/home/student/Documents/file11.odt,0,0.0
3279.782,student,firefox,1003,open,/home/student/Downloads/file1.html,0,0.0
3281.225,student,code,1001,read,/home/student/Projects/app/file7.py,187663,4.34
3285.758,student,libreoffice,1002,open,/home/student/Documents/file1.ods,0,0.0
3290.408,student,code,1001,close,/home/student/Projects/app/file5.txt,0,0.0
3295.311,student,firefox,1003,read,/home/student/Downloads/file8.html,15889,4.94
3296.058,student,code,1001,read,/home/student/Projects/app/file3.py,123656,4.73
3298.612,student,thunderbird,1004,read,/home/student/Mail/file4.eml,44089,4.59
3300.717,student,libreoffice,1002,read,/home/student/Documents/file0.odt,76838,4.52
3301.564,student,code,1001,open,/home/student/Projects/app/file9.txt,0,0.0
3302.907,student,firefox,1003,read,/home/student/Downloads/file7.pdf,172219,5.17
3305.556,student,code,1001,close,/home/student/Projects/app/file7.py,0,0.0
3308.272,student,code,1001,read,/home/student/Projects/app/file7.txt,136919,4.15
3310.944,student,code,1001,read,/home/student/Projects/app/file5.txt,168294,3.85
3320.314,student,code,1001,read,/home/student/Projects/app/file8.txt,148611,4.98
3328.463,student,thunderbird,1004,open,/home/student/Mail/file6.eml,0,0.0
3329.765,student,code,1001,close,/home/student/Projects/app/file5.md,0,0.0
3330.257,student,thunderbird,1004,read,/home/student/Mail/file3.eml,36190,4.37
3334.114,student,firefox,1003,read,/home/student/Downloads/file11.pdf,5416,5.14
3334.776,student,thunderbird,1004,read,/home/student/Mail/file7.eml,187793,4.91
3335.109,student,firefox,1003,close,/home/student/Downloads/file11.pdf,0,0.0
3336.96,student,firefox,1003,open,/home/student/Downloads/file0.html,0,0.0
3346.823,student,libreoffice,1002,open,/home/student/Documents/file10.odt,0,0.0
3348.429,student,code,1001,read,/home/student/Projects/app/file5.txt,39982,4.49
3350.077,student,libreoffice,1002,read,/home/student/Documents/file1.ods,164365,4.64
3358.902,student,thunderbird,1004,open,/home/student/Mail/file8.eml,0,0.0
3361.078,student,thunderbird,1004,write,/home/student/Mail/file6.eml,127621,4.84
3362.468,student,libreoffice,1002,read,/home/student/Documents/file1.ods,96061,5.16
3363.332,student,firefox,1003,read,/home/student/Downloads/file11.pdf,64894,5.5
3366.03,student,thunderbird,1004,read,/home/student/Mail/file8.eml,46858,4.5
3367.885,student,libreoffice,1002,read,/home/student/Documents/file8.odt,104224,5.18
3370.164,student,firefox,1003,write,/home/student/Downloads/file5.html,72408,5.23
3374.166,student,thunderbird,1004,close,/home/student/Mail/file0.eml,0,0.0
3385.1,student,code,1001,read,/home/student/Projects/app/file11.md,5931,4.42
3389.508,student,code,1001,open,/home/student/Projects/app/file3.md,0,0.0
3393.825,student,libreoffice,1002,read,/home/student/Documents/file1.ods,63631,5.22
3394.22,student,firefox,1003,close,/home/student/Downloads/file2.pdf,0,0.0
3397.469,student,code,1001,open,/home/student/Projects/app/file10.py,0,0.0
3400.172,student,firefox,1003,open,/home/student/Downloads/file11.pdf,0,0.0
3408.619,student,thunderbird,1004,close,/home/student/Mail/file7.eml,0,0.0
3411.536,student,code,1001,read,/home/student/Projects/app/file6.md,166138,3.66
3411.645,student,code,1001,read,/home/student/Projects/app/file1.txt,61275,4.31
3411.866,student,libreoffice,1002,open,/home/student/Documents/file1.ods,0,0.0
3412.114,student,libreoffice,1002,read,/home/student/Documents/file0.odt,163618,4.95
3412.802,student,libreoffice,1002,open,/home/student/Documents/file11.odt,0,0.0
3414.24,student,thunderbird,1004,read,/home/student/Mail/file9.eml,15039,4.6
3417.991,student,libreoffice,1002,write,/home/student/Documents/file5.odt,195598,5.2
3419.589,student,thunderbird,1004,read,/home/student/Mail/file1.eml,143043,4.01
3420.42,student,firefox,1003,read,/home/student/Downloads/file7.html,95533,5.41
3426.942,student,code,1001,open,/home/student/Projects/app/file6.md,0,0.0
3429.667,student,firefox,1003,write,/home/student/Downloads/file5.pdf,130338,4.63
3429.892,student,firefox,1003,open,/home/student/Downloads/file6.html,0,0.0
3431.233,student,thunderbird,1004,read,/home/student/Mail/file5.eml,45891,5.03
3435.784,student,firefox,1003,open,/home/student/Downloads/file11.pdf,0,0.0
3442.439,student,code,1001,open,/home/student/Projects/app/file2.md,0,0.0
3449.045,student,thunderbird,1004,open,/home/student/Mail/file2.eml,0,0.0
3450.267,student,libreoffice,1002,write,/home/student/Documents/file7.ods,49063,4.19
3452.358,student,firefox,1003,write,/home/student/Downloads/file10.html,134450,5.01
3457.171,student,libreoffice,1002,read,/home/student/Documents/file5.odt,44234,5.14
3472.234,student,libreoffice,1002,open,/home/student/Documents/file6.ods,0,0.0
3473.354,student,code,1001,read,/home/student/Projects/app/file0.py,180930,4.86
3476.648,student,code,1001,open,/home/student/Projects/app/file5.md,0,0.0
3477.085,student,firefox,1003,write,/home/student/Downloads/file1.html,139791,5.48
3477.743,student,firefox,1003,open,/home/student/Downloads/file0.pdf,0,0.0
3478.221,student,code,1001,close,/home/student/Projects/app/file10.md,0,0.0
3479.322,student,libreoffice,1002,read,/home/student/Documents/file6.ods,2276,4.81
3479.821,student,libreoffice,1002,write,/home/student/Documents/file3.ods,45776,4.34
3480.856,student,code,1001,open,/home/student/Projects/app/file11.py,0,0.0
3483.618,student,firefox,1003,read,/home/student/Downloads/file4.html,180276,5.24
3485.578,student,thunderbird,1004,close,/home/student/Mail/file7.eml,0,0.0
3488.019,student,libreoffice,1002,read,/home/student/Documents/file9.odt,75833,4.19
3489.564,student,code,1001,close,/home/student/Projects/app/file11.txt,0,0.0
3491.762,student,code,1001,write,/home/student/Projects/app/file1.md,23906,4.57
3492.061,student,firefox,1003,open,/home/student/Downloads/file7.html,0,0.0
3493.388,student,code,1001,read,/home/student/Projects/app/file0.txt,183135,3.7
3495.418,student,thunderbird,1004,close,/home/student/Mail/file11.eml,0,0.0
3498.322,student,firefox,1003,read,/home/student/Downloads/file3.html,191347,5.05
3499.98,student,code,1001,write,/home/student/Projects/app/file6.py,153907,3.8
3501.318,student,thunderbird,1004,read,/home/student/Mail/file5.eml,56299,3.8
3504.422,student,libreoffice,1002,open,/home/student/Documents/file7.ods,0,0.0
3510.021,student,thunderbird,1004,open,/home/student/Mail/file7.eml,0,0.0
3510.558,student,code,1001,open,/home/student/Projects/app/file9.md,0,0.0
3511.264,student,thunderbird,1004,read,/home/student/Mail/file8.eml,166269,4.9
3513.317,student,libreoffice,1002,write,/home/student/Documents/file2.ods,172355,4.66
3523.924,student,thunderbird,1004,open,/home/student/Mail/file3.eml,0,0.0
3528.407,student,thunderbird,1004,read,/home/student/Mail/file10.eml,90816,4.29
3529.085,student,libreoffice,1002,read,/home/student/Documents/file7.odt,97121,3.85
3529.926,student,firefox,1003,close,/home/student/Downloads/file6.pdf,0,0.0
3534.407,student,code,1001,read,/home/student/Projects/app/file9.py,180333,4.29
3535.622,student,code,1001,open,/home/student/Projects/app/file7.py,0,0.0
3536.676,student,thunderbird,1004,read,/home/student/Mail/file6.eml,159908,4.46
3539.854,student,thunderbird,1004,read,/home/student/Mail/file1.eml,194726,4.54
3540.903,student,firefox,1003,read,/home/student/Downloads/file10.html,62097,4.96
3545.841,student,code,1001,read,/home/student/Projects/app/file3.py,139257,4.18
3546.464,student,libreoffice,1002,open,/home/student/Documents/file8.odt,0,0.0
3548.583,student,thunderbird,1004,open,/home/student/Mail/file1.eml,0,0.0
3554.209,student,firefox,1003,read,/home/student/Downloads/file0.pdf,83532,5.29
3555.427,student,thunderbird,1004,read,/home/student/Mail/file5.eml,27065,4.29
3556.843,student,firefox,1003,open,/home/student/Downloads/file7.pdf,0,0.0
3557.476,student,code,1001,read,/home/student/Projects/app/file3.txt,165814,4.3
3570.822,student,thunderbird,1004,read,/home/student/Mail/file6.eml,91639,4.65
3573.359,student,firefox,1003,open,/home/student/Downloads/file8.pdf,0,0.0
3586.918,student,libreoffice,1002,close,/home/student/Documents/file2.ods,0,0.0
3588.445,student,libreoffice,1002,read,/home/student/Documents/file0.ods,167619,4.82
3589.522,student,code,1001,read,/home/student/Projects/app/file8.md,94150,3.71
3592.095,student,firefox,1003,read,/home/student/Downloads/file6.html,61772,5.43
3592.857,student,libreoffice,1002,read,/home/student/Documents/file8.odt,147548,4.97
3597.968,student,code,1001,write,/home/student/Projects/app/file4.md,94283,4.74
3600.858,student,libreoffice,1002,write,/home/student/Documents/file9.odt,75275,4.47
3602.11,student,code,1001,open,/home/student/Projects/app/file3.md,0,0.0
